<?xml version="1.0" encoding="UTF-8"?>

<!-- generated on 2023-04-09 17:59:24 by Eclipse SUMO sumo Version 1.15.0
<configuration xmlns:xsi="http://www.w3.org/2001/XMLSchema-instance" xsi:noNamespaceSchemaLocation="http://sumo.dlr.de/xsd/sumoConfiguration.xsd">

    <input>
        <net-file value="./SUMO (many incidents)/./I210.net(zipper).xml"/>
        <route-files value="./SUMO (many incidents)/./I210.routes.xml,./SUMO (many incidents)/ ./I210.vehicleTypes(cvRate20).xml,./SUMO (many incidents)/ ./I210.flows.xml"/>
        <additional-files value="./SUMO (many incidents)/./I210.detector.xml,./SUMO (many incidents)/ I210.calibrator(hovSeg1).xml,./SUMO (many incidents)/ I210.calibrator(hovSeg2).xml,./SUMO (many incidents)/ I210.calibrator(hovSeg3).xml,./SUMO (many incidents)/ I210.calibrator(hovSeg4).xml,./SUMO (many incidents)/ I210.calibrator(hovSeg5).xml,./SUMO (many incidents)/ I210.calibrator(mainSeg1).xml,./SUMO (many incidents)/ I210.calibrator(mainSeg2).xml,./SUMO (many incidents)/ I210.calibrator(mainSeg3).xml,./SUMO (many incidents)/ I210.calibrator(mainSeg4).xml"/>
    </input>

    <output>
        <tripinfo-output value="./SUMO (many incidents)/Output/tripInfo.xml"/>
    </output>

    <time>
        <step-length value="1"/>
    </time>

    <processing>
        <collision.action value="none"/>
    </processing>

    <report>
        <no-warnings value="true"/>
    </report>

    <traci_server>
        <remote-port value="57033"/>
    </traci_server>

    <random_number>
        <seed value="5"/>
    </random_number>

    <gui_only>
        <gui-settings-file value="./SUMO (many incidents)/settings.gui.xml"/>
    </gui_only>

</configuration>
-->

<e3Detector xmlns:xsi="http://www.w3.org/2001/XMLSchema-instance" xsi:noNamespaceSchemaLocation="http://sumo.dlr.de/xsd/det_e3_file.xsd">
   <interval begin="0.00" end="900.00" id="Mainline" meanTravelTime="544.97" meanOverlapTravelTime="545.18" meanSpeed="27.39" meanHaltsPerVehicle="0.00" meanTimeLoss="95.55" vehicleSum="234" meanSpeedWithin="26.88" meanHaltsPerVehicleWithin="0.00" meanDurationWithin="241.08" vehicleSumWithin="744" meanIntervalSpeedWithin="26.88" meanIntervalHaltsPerVehicleWithin="0.00" meanIntervalDurationWithin="241.08" meanTimeLossWithin="43.03"/>
   <interval begin="900.00" end="1800.00" id="Mainline" meanTravelTime="584.88" meanOverlapTravelTime="585.14" meanSpeed="25.45" meanHaltsPerVehicle="0.00" meanTimeLoss="133.17" vehicleSum="632" meanSpeedWithin="26.45" meanHaltsPerVehicleWithin="0.00" meanDurationWithin="249.77" vehicleSumWithin="757" meanIntervalSpeedWithin="26.45" meanIntervalHaltsPerVehicleWithin="0.00" meanIntervalDurationWithin="249.77" meanTimeLossWithin="48.20"/>
   <interval begin="1800.00" end="2700.00" id="Mainline" meanTravelTime="599.09" meanOverlapTravelTime="599.37" meanSpeed="24.87" meanHaltsPerVehicle="0.00" meanTimeLoss="148.06" vehicleSum="661" meanSpeedWithin="23.10" meanHaltsPerVehicleWithin="0.00" meanDurationWithin="289.12" vehicleSumWithin="968" meanIntervalSpeedWithin="23.10" meanIntervalHaltsPerVehicleWithin="0.00" meanIntervalDurationWithin="289.12" meanTimeLossWithin="85.56"/>
   <interval begin="2700.00" end="3600.00" id="Mainline" meanTravelTime="698.66" meanOverlapTravelTime="698.94" meanSpeed="21.38" meanHaltsPerVehicle="0.09" meanTimeLoss="250.00" vehicleSum="769" meanSpeedWithin="20.99" meanHaltsPerVehicleWithin="0.01" meanDurationWithin="331.14" vehicleSumWithin="1090" meanIntervalSpeedWithin="20.99" meanIntervalHaltsPerVehicleWithin="0.01" meanIntervalDurationWithin="331.14" meanTimeLossWithin="123.22"/>
   <interval begin="3600.00" end="4500.00" id="Mainline" meanTravelTime="793.88" meanOverlapTravelTime="794.18" meanSpeed="18.84" meanHaltsPerVehicle="0.17" meanTimeLoss="343.10" vehicleSum="762" meanSpeedWithin="18.66" meanHaltsPerVehicleWithin="0.04" meanDurationWithin="385.58" vehicleSumWithin="1253" meanIntervalSpeedWithin="18.66" meanIntervalHaltsPerVehicleWithin="0.04" meanIntervalDurationWithin="385.56" meanTimeLossWithin="174.29"/>
   <interval begin="4500.00" end="5400.00" id="Mainline" meanTravelTime="889.44" meanOverlapTravelTime="889.81" meanSpeed="16.82" meanHaltsPerVehicle="0.10" meanTimeLoss="440.91" vehicleSum="774" meanSpeedWithin="17.32" meanHaltsPerVehicleWithin="0.16" meanDurationWithin="426.31" vehicleSumWithin="1372" meanIntervalSpeedWithin="17.30" meanIntervalHaltsPerVehicleWithin="0.16" meanIntervalDurationWithin="423.39" meanTimeLossWithin="212.86"/>
   <interval begin="5400.00" end="6300.00" id="Mainline" meanTravelTime="958.63" meanOverlapTravelTime="959.01" meanSpeed="15.76" meanHaltsPerVehicle="0.28" meanTimeLoss="509.51" vehicleSum="756" meanSpeedWithin="15.39" meanHaltsPerVehicleWithin="0.32" meanDurationWithin="481.89" vehicleSumWithin="1511" meanIntervalSpeedWithin="15.32" meanIntervalHaltsPerVehicleWithin="0.32" meanIntervalDurationWithin="469.43" meanTimeLossWithin="274.25"/>
   <interval begin="6300.00" end="7200.00" id="Mainline" meanTravelTime="1093.43" meanOverlapTravelTime="1093.79" meanSpeed="13.76" meanHaltsPerVehicle="0.35" meanTimeLoss="643.64" vehicleSum="728" meanSpeedWithin="13.01" meanHaltsPerVehicleWithin="0.38" meanDurationWithin="529.81" vehicleSumWithin="1683" meanIntervalSpeedWithin="12.88" meanIntervalHaltsPerVehicleWithin="0.34" meanIntervalDurationWithin="506.19" meanTimeLossWithin="326.11"/>
   <interval begin="7200.00" end="8100.00" id="Mainline" meanTravelTime="1207.96" meanOverlapTravelTime="1208.31" meanSpeed="12.41" meanHaltsPerVehicle="0.62" meanTimeLoss="758.65" vehicleSum="732" meanSpeedWithin="10.12" meanHaltsPerVehicleWithin="0.33" meanDurationWithin="590.25" vehicleSumWithin="1798" meanIntervalSpeedWithin="10.02" meanIntervalHaltsPerVehicleWithin="0.27" meanIntervalDurationWithin="542.53" meanTimeLossWithin="374.42"/>
   <interval begin="8100.00" end="9000.00" id="Mainline" meanTravelTime="1334.63" meanOverlapTravelTime="1334.97" meanSpeed="11.24" meanHaltsPerVehicle="0.68" meanTimeLoss="886.02" vehicleSum="740" meanSpeedWithin="11.21" meanHaltsPerVehicleWithin="0.13" meanDurationWithin="620.64" vehicleSumWithin="1851" meanIntervalSpeedWithin="11.30" meanIntervalHaltsPerVehicleWithin="0.09" meanIntervalDurationWithin="547.67" meanTimeLossWithin="365.42"/>
   <interval begin="9000.00" end="9900.00" id="Mainline" meanTravelTime="1428.84" meanOverlapTravelTime="1429.19" meanSpeed="10.50" meanHaltsPerVehicle="0.54" meanTimeLoss="979.36" vehicleSum="758" meanSpeedWithin="10.82" meanHaltsPerVehicleWithin="0.26" meanDurationWithin="658.58" vehicleSumWithin="2009" meanIntervalSpeedWithin="10.72" meanIntervalHaltsPerVehicleWithin="0.26" meanIntervalDurationWithin="569.40" meanTimeLossWithin="390.69"/>
   <interval begin="9900.00" end="10800.00" id="Mainline" meanTravelTime="1483.61" meanOverlapTravelTime="1483.96" meanSpeed="10.10" meanHaltsPerVehicle="0.57" meanTimeLoss="1032.35" vehicleSum="763" meanSpeedWithin="10.12" meanHaltsPerVehicleWithin="1.12" meanDurationWithin="713.55" vehicleSumWithin="2177" meanIntervalSpeedWithin="9.88" meanIntervalHaltsPerVehicleWithin="1.09" meanIntervalDurationWithin="597.00" meanTimeLossWithin="434.31"/>
   <interval begin="10800.00" end="11700.00" id="Mainline" meanTravelTime="1589.29" meanOverlapTravelTime="1589.66" meanSpeed="9.44" meanHaltsPerVehicle="1.15" meanTimeLoss="1139.26" vehicleSum="758" meanSpeedWithin="7.17" meanHaltsPerVehicleWithin="1.89" meanDurationWithin="794.25" vehicleSumWithin="2245" meanIntervalSpeedWithin="6.88" meanIntervalHaltsPerVehicleWithin="1.52" meanIntervalDurationWithin="634.06" meanTimeLossWithin="497.19"/>
   <interval begin="11700.00" end="12600.00" id="Mainline" meanTravelTime="1767.55" meanOverlapTravelTime="1767.92" meanSpeed="8.52" meanHaltsPerVehicle="2.59" meanTimeLoss="1317.30" vehicleSum="679" meanSpeedWithin="8.47" meanHaltsPerVehicleWithin="1.59" meanDurationWithin="883.05" vehicleSumWithin="2159" meanIntervalSpeedWithin="8.60" meanIntervalHaltsPerVehicleWithin="0.92" meanIntervalDurationWithin="643.35" meanTimeLossWithin="488.17"/>
   <interval begin="12600.00" end="13500.00" id="Mainline" meanTravelTime="1918.68" meanOverlapTravelTime="1919.05" meanSpeed="7.79" meanHaltsPerVehicle="2.38" meanTimeLoss="1467.46" vehicleSum="698" meanSpeedWithin="7.87" meanHaltsPerVehicleWithin="1.82" meanDurationWithin="856.81" vehicleSumWithin="2467" meanIntervalSpeedWithin="7.61" meanIntervalHaltsPerVehicleWithin="1.33" meanIntervalDurationWithin="628.45" meanTimeLossWithin="491.70"/>
   <interval begin="13500.00" end="14400.00" id="Mainline" meanTravelTime="1970.21" meanOverlapTravelTime="1970.57" meanSpeed="7.64" meanHaltsPerVehicle="2.76" meanTimeLoss="1518.73" vehicleSum="705" meanSpeedWithin="8.18" meanHaltsPerVehicleWithin="2.31" meanDurationWithin="940.47" vehicleSumWithin="2368" meanIntervalSpeedWithin="7.86" meanIntervalHaltsPerVehicleWithin="1.66" meanIntervalDurationWithin="654.61" meanTimeLossWithin="519.09"/>
   <interval begin="14400.00" end="15300.00" id="Mainline" meanTravelTime="2052.44" meanOverlapTravelTime="2052.81" meanSpeed="7.34" meanHaltsPerVehicle="4.11" meanTimeLoss="1601.82" vehicleSum="681" meanSpeedWithin="7.25" meanHaltsPerVehicleWithin="3.09" meanDurationWithin="934.13" vehicleSumWithin="2502" meanIntervalSpeedWithin="6.87" meanIntervalHaltsPerVehicleWithin="2.39" meanIntervalDurationWithin="650.92" meanTimeLossWithin="527.56"/>
   <interval begin="15300.00" end="16200.00" id="Mainline" meanTravelTime="2163.40" meanOverlapTravelTime="2163.78" meanSpeed="6.95" meanHaltsPerVehicle="6.99" meanTimeLoss="1713.00" vehicleSum="564" meanSpeedWithin="6.85" meanHaltsPerVehicleWithin="3.39" meanDurationWithin="1030.04" vehicleSumWithin="2310" meanIntervalSpeedWithin="6.51" meanIntervalHaltsPerVehicleWithin="2.45" meanIntervalDurationWithin="692.11" meanTimeLossWithin="564.19"/>
   <interval begin="16200.00" end="17100.00" id="Mainline" meanTravelTime="2230.97" meanOverlapTravelTime="2231.31" meanSpeed="6.74" meanHaltsPerVehicle="6.60" meanTimeLoss="1781.60" vehicleSum="533" meanSpeedWithin="7.49" meanHaltsPerVehicleWithin="5.29" meanDurationWithin="1030.77" vehicleSumWithin="2602" meanIntervalSpeedWithin="6.98" meanIntervalHaltsPerVehicleWithin="3.89" meanIntervalDurationWithin="648.78" meanTimeLossWithin="534.43"/>
</e3Detector>
