<?xml version="1.0" encoding="UTF-8"?>

<!-- generated on 2023-04-09 17:59:24 by Eclipse SUMO sumo Version 1.15.0
<configuration xmlns:xsi="http://www.w3.org/2001/XMLSchema-instance" xsi:noNamespaceSchemaLocation="http://sumo.dlr.de/xsd/sumoConfiguration.xsd">

    <input>
        <net-file value="./SUMO (many incidents)/./I210.net(zipper).xml"/>
        <route-files value="./SUMO (many incidents)/./I210.routes.xml,./SUMO (many incidents)/ ./I210.vehicleTypes(cvRate20).xml,./SUMO (many incidents)/ ./I210.flows.xml"/>
        <additional-files value="./SUMO (many incidents)/./I210.detector.xml,./SUMO (many incidents)/ I210.calibrator(hovSeg1).xml,./SUMO (many incidents)/ I210.calibrator(hovSeg2).xml,./SUMO (many incidents)/ I210.calibrator(hovSeg3).xml,./SUMO (many incidents)/ I210.calibrator(hovSeg4).xml,./SUMO (many incidents)/ I210.calibrator(hovSeg5).xml,./SUMO (many incidents)/ I210.calibrator(mainSeg1).xml,./SUMO (many incidents)/ I210.calibrator(mainSeg2).xml,./SUMO (many incidents)/ I210.calibrator(mainSeg3).xml,./SUMO (many incidents)/ I210.calibrator(mainSeg4).xml"/>
    </input>

    <output>
        <tripinfo-output value="./SUMO (many incidents)/Output/tripInfo.xml"/>
    </output>

    <time>
        <step-length value="1"/>
    </time>

    <processing>
        <collision.action value="none"/>
    </processing>

    <report>
        <no-warnings value="true"/>
    </report>

    <traci_server>
        <remote-port value="57033"/>
    </traci_server>

    <random_number>
        <seed value="5"/>
    </random_number>

    <gui_only>
        <gui-settings-file value="./SUMO (many incidents)/settings.gui.xml"/>
    </gui_only>

</configuration>
-->

<e3Detector xmlns:xsi="http://www.w3.org/2001/XMLSchema-instance" xsi:noNamespaceSchemaLocation="http://sumo.dlr.de/xsd/det_e3_file.xsd">
   <interval begin="0.00" end="900.00" id="System" meanTravelTime="229.71" meanOverlapTravelTime="229.90" meanSpeed="23.93" meanHaltsPerVehicle="0.07" meanTimeLoss="43.62" vehicleSum="2564" meanSpeedWithin="24.05" meanHaltsPerVehicleWithin="0.03" meanDurationWithin="220.70" vehicleSumWithin="1322" meanIntervalSpeedWithin="24.05" meanIntervalHaltsPerVehicleWithin="0.03" meanIntervalDurationWithin="220.70" meanTimeLossWithin="37.14"/>
   <interval begin="900.00" end="1800.00" id="System" meanTravelTime="323.10" meanOverlapTravelTime="323.32" meanSpeed="22.09" meanHaltsPerVehicle="0.06" meanTimeLoss="79.08" vehicleSum="3743" meanSpeedWithin="23.13" meanHaltsPerVehicleWithin="0.03" meanDurationWithin="229.36" vehicleSumWithin="1361" meanIntervalSpeedWithin="23.13" meanIntervalHaltsPerVehicleWithin="0.03" meanIntervalDurationWithin="229.36" meanTimeLossWithin="44.63"/>
   <interval begin="1800.00" end="2700.00" id="System" meanTravelTime="344.34" meanOverlapTravelTime="344.56" meanSpeed="20.99" meanHaltsPerVehicle="0.06" meanTimeLoss="92.64" vehicleSum="3629" meanSpeedWithin="21.14" meanHaltsPerVehicleWithin="0.04" meanDurationWithin="260.68" vehicleSumWithin="1660" meanIntervalSpeedWithin="21.14" meanIntervalHaltsPerVehicleWithin="0.04" meanIntervalDurationWithin="260.68" meanTimeLossWithin="71.11"/>
   <interval begin="2700.00" end="3600.00" id="System" meanTravelTime="410.78" meanOverlapTravelTime="411.01" meanSpeed="18.94" meanHaltsPerVehicle="0.18" meanTimeLoss="146.09" vehicleSum="3597" meanSpeedWithin="19.18" meanHaltsPerVehicleWithin="0.14" meanDurationWithin="298.34" vehicleSumWithin="1870" meanIntervalSpeedWithin="19.18" meanIntervalHaltsPerVehicleWithin="0.14" meanIntervalDurationWithin="298.34" meanTimeLossWithin="104.96"/>
   <interval begin="3600.00" end="4500.00" id="System" meanTravelTime="476.84" meanOverlapTravelTime="477.09" meanSpeed="16.71" meanHaltsPerVehicle="0.64" meanTimeLoss="207.99" vehicleSum="3513" meanSpeedWithin="16.98" meanHaltsPerVehicleWithin="0.44" meanDurationWithin="346.58" vehicleSumWithin="2156" meanIntervalSpeedWithin="16.98" meanIntervalHaltsPerVehicleWithin="0.44" meanIntervalDurationWithin="346.57" meanTimeLossWithin="150.87"/>
   <interval begin="4500.00" end="5400.00" id="System" meanTravelTime="546.04" meanOverlapTravelTime="546.32" meanSpeed="15.54" meanHaltsPerVehicle="0.92" meanTimeLoss="269.04" vehicleSum="3426" meanSpeedWithin="15.64" meanHaltsPerVehicleWithin="0.57" meanDurationWithin="386.09" vehicleSumWithin="2349" meanIntervalSpeedWithin="15.62" meanIntervalHaltsPerVehicleWithin="0.57" meanIntervalDurationWithin="384.11" meanTimeLossWithin="190.40"/>
   <interval begin="5400.00" end="6300.00" id="System" meanTravelTime="586.82" meanOverlapTravelTime="587.10" meanSpeed="14.43" meanHaltsPerVehicle="1.11" meanTimeLoss="315.02" vehicleSum="3484" meanSpeedWithin="13.90" meanHaltsPerVehicleWithin="1.03" meanDurationWithin="435.53" vehicleSumWithin="2575" meanIntervalSpeedWithin="13.85" meanIntervalHaltsPerVehicleWithin="1.02" meanIntervalDurationWithin="426.27" meanTimeLossWithin="245.63"/>
   <interval begin="6300.00" end="7200.00" id="System" meanTravelTime="650.01" meanOverlapTravelTime="650.29" meanSpeed="13.49" meanHaltsPerVehicle="1.52" meanTimeLoss="379.43" vehicleSum="3388" meanSpeedWithin="12.12" meanHaltsPerVehicleWithin="1.09" meanDurationWithin="474.42" vehicleSumWithin="2774" meanIntervalSpeedWithin="12.04" meanIntervalHaltsPerVehicleWithin="1.02" meanIntervalDurationWithin="456.59" meanTimeLossWithin="285.68"/>
   <interval begin="7200.00" end="8100.00" id="System" meanTravelTime="688.33" meanOverlapTravelTime="688.60" meanSpeed="12.26" meanHaltsPerVehicle="1.65" meanTimeLoss="425.69" vehicleSum="3511" meanSpeedWithin="10.18" meanHaltsPerVehicleWithin="1.12" meanDurationWithin="520.11" vehicleSumWithin="2931" meanIntervalSpeedWithin="10.13" meanIntervalHaltsPerVehicleWithin="1.03" meanIntervalDurationWithin="485.81" meanTimeLossWithin="322.02"/>
   <interval begin="8100.00" end="9000.00" id="System" meanTravelTime="738.84" meanOverlapTravelTime="739.12" meanSpeed="11.52" meanHaltsPerVehicle="1.77" meanTimeLoss="475.52" vehicleSum="3448" meanSpeedWithin="10.69" meanHaltsPerVehicleWithin="1.14" meanDurationWithin="537.66" vehicleSumWithin="3048" meanIntervalSpeedWithin="10.76" meanIntervalHaltsPerVehicleWithin="1.05" meanIntervalDurationWithin="487.30" meanTimeLossWithin="315.05"/>
   <interval begin="9000.00" end="9900.00" id="System" meanTravelTime="771.67" meanOverlapTravelTime="771.95" meanSpeed="10.88" meanHaltsPerVehicle="2.39" meanTimeLoss="513.29" vehicleSum="3387" meanSpeedWithin="9.98" meanHaltsPerVehicleWithin="1.72" meanDurationWithin="574.62" vehicleSumWithin="3363" meanIntervalSpeedWithin="9.92" meanIntervalHaltsPerVehicleWithin="1.61" meanIntervalDurationWithin="513.21" meanTimeLossWithin="347.62"/>
   <interval begin="9900.00" end="10800.00" id="System" meanTravelTime="824.15" meanOverlapTravelTime="824.44" meanSpeed="10.26" meanHaltsPerVehicle="3.00" meanTimeLoss="567.57" vehicleSum="3433" meanSpeedWithin="9.35" meanHaltsPerVehicleWithin="2.71" meanDurationWithin="626.71" vehicleSumWithin="3576" meanIntervalSpeedWithin="9.20" meanIntervalHaltsPerVehicleWithin="2.45" meanIntervalDurationWithin="540.48" meanTimeLossWithin="388.63"/>
   <interval begin="10800.00" end="11700.00" id="System" meanTravelTime="880.58" meanOverlapTravelTime="880.87" meanSpeed="9.63" meanHaltsPerVehicle="3.99" meanTimeLoss="627.97" vehicleSum="3468" meanSpeedWithin="7.35" meanHaltsPerVehicleWithin="3.49" meanDurationWithin="685.79" vehicleSumWithin="3731" meanIntervalSpeedWithin="7.20" meanIntervalHaltsPerVehicleWithin="2.81" meanIntervalDurationWithin="565.76" meanTimeLossWithin="431.80"/>
   <interval begin="11700.00" end="12600.00" id="System" meanTravelTime="910.11" meanOverlapTravelTime="910.41" meanSpeed="9.10" meanHaltsPerVehicle="4.55" meanTimeLoss="668.95" vehicleSum="3489" meanSpeedWithin="8.31" meanHaltsPerVehicleWithin="2.91" meanDurationWithin="732.84" vehicleSumWithin="3551" meanIntervalSpeedWithin="8.43" meanIntervalHaltsPerVehicleWithin="2.13" meanIntervalDurationWithin="565.18" meanTimeLossWithin="417.59"/>
   <interval begin="12600.00" end="13500.00" id="System" meanTravelTime="945.48" meanOverlapTravelTime="945.78" meanSpeed="9.14" meanHaltsPerVehicle="4.38" meanTimeLoss="699.15" vehicleSum="3298" meanSpeedWithin="7.66" meanHaltsPerVehicleWithin="3.23" meanDurationWithin="722.61" vehicleSumWithin="3958" meanIntervalSpeedWithin="7.50" meanIntervalHaltsPerVehicleWithin="2.65" meanIntervalDurationWithin="562.08" meanTimeLossWithin="430.41"/>
   <interval begin="13500.00" end="14400.00" id="System" meanTravelTime="942.12" meanOverlapTravelTime="942.40" meanSpeed="8.80" meanHaltsPerVehicle="5.10" meanTimeLoss="708.53" vehicleSum="3521" meanSpeedWithin="7.82" meanHaltsPerVehicleWithin="4.16" meanDurationWithin="789.61" vehicleSumWithin="3846" meanIntervalSpeedWithin="7.63" meanIntervalHaltsPerVehicleWithin="3.31" meanIntervalDurationWithin="583.16" meanTimeLossWithin="454.28"/>
   <interval begin="14400.00" end="15300.00" id="System" meanTravelTime="972.14" meanOverlapTravelTime="972.43" meanSpeed="8.85" meanHaltsPerVehicle="6.13" meanTimeLoss="739.32" vehicleSum="3575" meanSpeedWithin="7.30" meanHaltsPerVehicleWithin="4.46" meanDurationWithin="785.32" vehicleSumWithin="3948" meanIntervalSpeedWithin="7.07" meanIntervalHaltsPerVehicleWithin="3.56" meanIntervalDurationWithin="578.37" meanTimeLossWithin="457.33"/>
   <interval begin="15300.00" end="16200.00" id="System" meanTravelTime="943.02" meanOverlapTravelTime="943.31" meanSpeed="9.13" meanHaltsPerVehicle="6.05" meanTimeLoss="719.79" vehicleSum="3542" meanSpeedWithin="7.42" meanHaltsPerVehicleWithin="4.60" meanDurationWithin="863.60" vehicleSumWithin="3626" meanIntervalSpeedWithin="7.22" meanIntervalHaltsPerVehicleWithin="3.38" meanIntervalDurationWithin="612.10" meanTimeLossWithin="483.61"/>
   <interval begin="16200.00" end="17100.00" id="System" meanTravelTime="889.27" meanOverlapTravelTime="889.55" meanSpeed="10.58" meanHaltsPerVehicle="5.31" meanTimeLoss="672.79" vehicleSum="3300" meanSpeedWithin="7.58" meanHaltsPerVehicleWithin="6.80" meanDurationWithin="905.34" vehicleSumWithin="4034" meanIntervalSpeedWithin="7.22" meanIntervalHaltsPerVehicleWithin="5.12" meanIntervalDurationWithin="608.85" meanTimeLossWithin="492.09"/>
</e3Detector>
