<?xml version="1.0" encoding="UTF-8"?>

<additional>
	<vType id="car1_seg4" lcAssertive="2" lcCooperative="0.8" lcSpeedGain="5" lcStrategic="10" length="5.0" minGap="3.0" sigma="0.2" speedFactor="normc(1.0,0.1,1.0,1.2)" startupDelay="1" tau="1.4" vClass="passenger"/>
	<vType id="car1_cv_seg4" lcAssertive="2" lcCooperative="0.8" lcSpeedGain="5" lcStrategic="10" length="5.0" minGap="3.0" sigma="0.2" speedFactor="normc(1.0,0.1,1.0,1.2)" startupDelay="1" tau="1.4" vClass="passenger"/>
	<vType id="car2_seg4" lcAssertive="2" lcCooperative="0.8" lcSpeedGain="5" lcStrategic="10" length="5.5" minGap="3.0" sigma="0.2" speedFactor="normc(1.0,0.1,1.0,1.2)" startupDelay="1" tau="1.4" vClass="passenger"/>
	<vType id="car2_cv_seg4" lcAssertive="2" lcCooperative="0.8" lcSpeedGain="5" lcStrategic="10" length="5.5" minGap="3.0" sigma="0.2" speedFactor="normc(1.0,0.1,1.0,1.2)" startupDelay="1" tau="1.4" vClass="passenger"/>
	<vType id="car3_seg4" lcAssertive="2" lcCooperative="0.8" lcSpeedGain="5" lcStrategic="10" length="6.0" minGap="3.0" sigma="0.2" speedFactor="normc(1.0,0.1,1.0,1.2)" startupDelay="1" tau="1.4" vClass="passenger"/>
	<vType id="car3_cv_seg4" lcAssertive="2" lcCooperative="0.8" lcSpeedGain="5" lcStrategic="10" length="6.0" minGap="3.0" sigma="0.2" speedFactor="normc(1.0,0.1,1.0,1.2)" startupDelay="1" tau="1.4" vClass="passenger"/>
	<vType id="hov1_seg4" lcAssertive="2" lcCooperative="0.8" lcSpeedGain="5" lcStrategic="10" length="5.0" minGap="3.0" sigma="0.2" speedFactor="normc(1.0,0.1,1.0,1.2)" startupDelay="1" tau="1.4" vClass="hov"/>
	<vType id="hov1_cv_seg4" lcAssertive="2" lcCooperative="0.8" lcSpeedGain="5" lcStrategic="10" length="5.0" minGap="3.0" sigma="0.2" speedFactor="normc(1.0,0.1,1.0,1.2)" startupDelay="1" tau="1.4" vClass="hov"/>
	<vType id="hov2_seg4" lcAssertive="2" lcCooperative="0.8" lcSpeedGain="5" lcStrategic="10" length="5.5" minGap="3.0" sigma="0.2" speedFactor="normc(1.0,0.1,1.0,1.2)" startupDelay="1" tau="1.4" vClass="hov"/>
	<vType id="hov2_cv_seg4" lcAssertive="2" lcCooperative="0.8" lcSpeedGain="5" lcStrategic="10" length="5.5" minGap="3.0" sigma="0.2" speedFactor="normc(1.0,0.1,1.0,1.2)" startupDelay="1" tau="1.4" vClass="hov"/>
	<vType id="hov3_seg4" lcAssertive="2" lcCooperative="0.8" lcSpeedGain="5" lcStrategic="10" length="6.0" minGap="3.0" sigma="0.2" speedFactor="normc(1.0,0.1,1.0,1.2)" startupDelay="1" tau="1.4" vClass="hov"/>
	<vType id="hov3_cv_seg4" lcAssertive="2" lcCooperative="0.8" lcSpeedGain="5" lcStrategic="10" length="6.0" minGap="3.0" sigma="0.2" speedFactor="normc(1.0,0.1,1.0,1.2)" startupDelay="1" tau="1.4" vClass="hov"/>
	
	<vType id="lightTruck1_seg4" lcAssertive="1" lcCooperative="0.8" lcSpeedGain="5" lcStrategic="10" length="7.0" minGap="3.5" sigma="0.2" speedFactor="normc(1.0,0.05,1.0,1.2)" startupDelay="1" tau="1.5" vClass="truck"/>
	<vType id="lightTruck1_cv_seg4" lcAssertive="1" lcCooperative="0.8" lcSpeedGain="5" lcStrategic="10" length="7.0" minGap="3.5" sigma="0.2" speedFactor="normc(1.0,0.05,1.0,1.2)" startupDelay="1" tau="1.5" vClass="truck"/>
	<vType id="lightTruck2_seg4" lcAssertive="1" lcCooperative="0.8" lcSpeedGain="5" lcStrategic="10" length="7.5" minGap="3.5" sigma="0.2" speedFactor="normc(1.0,0.05,1.0,1.2)" startupDelay="1" tau="1.5" vClass="truck"/>
	<vType id="lightTruck2_cv_seg4" lcAssertive="1" lcCooperative="0.8" lcSpeedGain="5" lcStrategic="10" length="7.5" minGap="3.5" sigma="0.2" speedFactor="normc(1.0,0.05,1.0,1.2)" startupDelay="1" tau="1.5" vClass="truck"/>
	<vType id="lightTruck3_seg4" lcAssertive="1" lcCooperative="0.8" lcSpeedGain="5" lcStrategic="10" length="8.0" minGap="3.5" sigma="0.2" speedFactor="normc(1.0,0.05,1.0,1.2)" startupDelay="1" tau="1.5" vClass="truck"/>
	<vType id="lightTruck3_cv_seg4" lcAssertive="1" lcCooperative="0.8" lcSpeedGain="5" lcStrategic="10" length="8.0" minGap="3.5" sigma="0.2" speedFactor="normc(1.0,0.05,1.0,1.2)" startupDelay="1" tau="1.5" vClass="truck"/>
	<vType id="heavyTruck1_seg4" lcAssertive="1" lcCooperative="0.8" lcSpeedGain="5" lcStrategic="10" length="15.0" minGap="3.5" sigma="0.2" speedFactor="normc(1.0,0.05,1.0,1.2)" startupDelay="1" tau="1.5" vClass="truck"/>
	<vType id="heavyTruck1_cv_seg4" lcAssertive="1" lcCooperative="0.8" lcSpeedGain="5" lcStrategic="10" length="15.0" minGap="3.5" sigma="0.2" speedFactor="normc(1.0,0.05,1.0,1.2)" startupDelay="1" tau="1.5" vClass="truck"/>
	<vType id="heavyTruck2_seg4" lcAssertive="1" lcCooperative="0.8" lcSpeedGain="5" lcStrategic="10" length="15.5" minGap="3.5" sigma="0.2" speedFactor="normc(1.0,0.05,1.0,1.2)" startupDelay="1" tau="1.5" vClass="truck"/>
	<vType id="heavyTruck2_cv_seg4" lcAssertive="1" lcCooperative="0.8" lcSpeedGain="5" lcStrategic="10" length="15.5" minGap="3.5" sigma="0.2" speedFactor="normc(1.0,0.05,1.0,1.2)" startupDelay="1" tau="1.5" vClass="truck"/>
	<vType id="heavyTruck3_seg4" lcAssertive="1" lcCooperative="0.8" lcSpeedGain="5" lcStrategic="10" length="16.0" minGap="3.5" sigma="0.2" speedFactor="normc(1.0,0.05,1.0,1.2)" startupDelay="1" tau="1.5" vClass="truck"/>
	<vType id="heavyTruck3_cv_seg4" lcAssertive="1" lcCooperative="0.8" lcSpeedGain="5" lcStrategic="10" length="16.0" minGap="3.5" sigma="0.2" speedFactor="normc(1.0,0.05,1.0,1.2)" startupDelay="1" tau="1.5" vClass="truck"/>
	<calibrator edge="S57_M" id="S57_M_car1" pos="0" vTypes="car1">
		<flow begin="14400" end="19800" type="car1_seg4"/>
	</calibrator>
	<calibrator edge="S58_M" id="S58_M_car1" pos="0" vTypes="car1">
		<flow begin="14400" end="19800" type="car1_seg4"/>
	</calibrator>
	<calibrator edge="S59_M" id="S59_M_car1" pos="0" vTypes="car1">
		<flow begin="14400" end="19800" type="car1_seg4"/>
	</calibrator>
	<calibrator edge="S60_M" id="S60_M_car1" pos="0" vTypes="car1">
		<flow begin="14400" end="19800" type="car1_seg4"/>
	</calibrator>
	<calibrator edge="S61_M" id="S61_M_car1" pos="0" vTypes="car1">
		<flow begin="14400" end="19800" type="car1_seg4"/>
	</calibrator>
	<calibrator edge="S62_M" id="S62_M_car1" pos="0" vTypes="car1">
		<flow begin="14400" end="19800" type="car1_seg4"/>
	</calibrator>
	<calibrator edge="S63_M" id="S63_M_car1" pos="0" vTypes="car1">
		<flow begin="14400" end="19800" type="car1_seg4"/>
	</calibrator>
	<calibrator edge="S64_M" id="S64_M_car1" pos="0" vTypes="car1">
		<flow begin="14400" end="19800" type="car1_seg4"/>
	</calibrator>
	<calibrator edge="S65_M" id="S65_M_car1" pos="0" vTypes="car1">
		<flow begin="14400" end="19800" type="car1_seg4"/>
	</calibrator>
	<calibrator edge="S66_M" id="S66_M_car1" pos="0" vTypes="car1">
		<flow begin="14400" end="19800" type="car1_seg4"/>
	</calibrator>
	<calibrator edge="S67_M" id="S67_M_car1" pos="0" vTypes="car1">
		<flow begin="14400" end="19800" type="car1_seg4"/>
	</calibrator>
	<calibrator edge="S68_M" id="S68_M_car1" pos="0" vTypes="car1">
		<flow begin="14400" end="19800" type="car1_seg4"/>
	</calibrator>
	<calibrator edge="S69_M" id="S69_M_car1" pos="0" vTypes="car1">
		<flow begin="14400" end="19800" type="car1_seg4"/>
	</calibrator>
	<calibrator edge="S70_M" id="S70_M_car1" pos="0" vTypes="car1">
		<flow begin="14400" end="19800" type="car1_seg4"/>
	</calibrator>
	<calibrator edge="S57_M" id="S57_M_car2" pos="0" vTypes="car2">
		<flow begin="14400" end="19800" type="car2_seg4"/>
	</calibrator>
	<calibrator edge="S58_M" id="S58_M_car2" pos="0" vTypes="car2">
		<flow begin="14400" end="19800" type="car2_seg4"/>
	</calibrator>
	<calibrator edge="S59_M" id="S59_M_car2" pos="0" vTypes="car2">
		<flow begin="14400" end="19800" type="car2_seg4"/>
	</calibrator>
	<calibrator edge="S60_M" id="S60_M_car2" pos="0" vTypes="car2">
		<flow begin="14400" end="19800" type="car2_seg4"/>
	</calibrator>
	<calibrator edge="S61_M" id="S61_M_car2" pos="0" vTypes="car2">
		<flow begin="14400" end="19800" type="car2_seg4"/>
	</calibrator>
	<calibrator edge="S62_M" id="S62_M_car2" pos="0" vTypes="car2">
		<flow begin="14400" end="19800" type="car2_seg4"/>
	</calibrator>
	<calibrator edge="S63_M" id="S63_M_car2" pos="0" vTypes="car2">
		<flow begin="14400" end="19800" type="car2_seg4"/>
	</calibrator>
	<calibrator edge="S64_M" id="S64_M_car2" pos="0" vTypes="car2">
		<flow begin="14400" end="19800" type="car2_seg4"/>
	</calibrator>
	<calibrator edge="S65_M" id="S65_M_car2" pos="0" vTypes="car2">
		<flow begin="14400" end="19800" type="car2_seg4"/>
	</calibrator>
	<calibrator edge="S66_M" id="S66_M_car2" pos="0" vTypes="car2">
		<flow begin="14400" end="19800" type="car2_seg4"/>
	</calibrator>
	<calibrator edge="S67_M" id="S67_M_car2" pos="0" vTypes="car2">
		<flow begin="14400" end="19800" type="car2_seg4"/>
	</calibrator>
	<calibrator edge="S68_M" id="S68_M_car2" pos="0" vTypes="car2">
		<flow begin="14400" end="19800" type="car2_seg4"/>
	</calibrator>
	<calibrator edge="S69_M" id="S69_M_car2" pos="0" vTypes="car2">
		<flow begin="14400" end="19800" type="car2_seg4"/>
	</calibrator>
	<calibrator edge="S70_M" id="S70_M_car2" pos="0" vTypes="car2">
		<flow begin="14400" end="19800" type="car2_seg4"/>
	</calibrator>
	<calibrator edge="S57_M" id="S57_M_car3" pos="0" vTypes="car3">
		<flow begin="14400" end="19800" type="car3_seg4"/>
	</calibrator>
	<calibrator edge="S58_M" id="S58_M_car3" pos="0" vTypes="car3">
		<flow begin="14400" end="19800" type="car3_seg4"/>
	</calibrator>
	<calibrator edge="S59_M" id="S59_M_car3" pos="0" vTypes="car3">
		<flow begin="14400" end="19800" type="car3_seg4"/>
	</calibrator>
	<calibrator edge="S60_M" id="S60_M_car3" pos="0" vTypes="car3">
		<flow begin="14400" end="19800" type="car3_seg4"/>
	</calibrator>
	<calibrator edge="S61_M" id="S61_M_car3" pos="0" vTypes="car3">
		<flow begin="14400" end="19800" type="car3_seg4"/>
	</calibrator>
	<calibrator edge="S62_M" id="S62_M_car3" pos="0" vTypes="car3">
		<flow begin="14400" end="19800" type="car3_seg4"/>
	</calibrator>
	<calibrator edge="S63_M" id="S63_M_car3" pos="0" vTypes="car3">
		<flow begin="14400" end="19800" type="car3_seg4"/>
	</calibrator>
	<calibrator edge="S64_M" id="S64_M_car3" pos="0" vTypes="car3">
		<flow begin="14400" end="19800" type="car3_seg4"/>
	</calibrator>
	<calibrator edge="S65_M" id="S65_M_car3" pos="0" vTypes="car3">
		<flow begin="14400" end="19800" type="car3_seg4"/>
	</calibrator>
	<calibrator edge="S66_M" id="S66_M_car3" pos="0" vTypes="car3">
		<flow begin="14400" end="19800" type="car3_seg4"/>
	</calibrator>
	<calibrator edge="S67_M" id="S67_M_car3" pos="0" vTypes="car3">
		<flow begin="14400" end="19800" type="car3_seg4"/>
	</calibrator>
	<calibrator edge="S68_M" id="S68_M_car3" pos="0" vTypes="car3">
		<flow begin="14400" end="19800" type="car3_seg4"/>
	</calibrator>
	<calibrator edge="S69_M" id="S69_M_car3" pos="0" vTypes="car3">
		<flow begin="14400" end="19800" type="car3_seg4"/>
	</calibrator>
	<calibrator edge="S70_M" id="S70_M_car3" pos="0" vTypes="car3">
		<flow begin="14400" end="19800" type="car3_seg4"/>
	</calibrator>
	<calibrator edge="S57_M" id="S57_M_car1_cv" pos="0" vTypes="car1_cv">
		<flow begin="14400" end="19800" type="car1_cv_seg4"/>
	</calibrator>
	<calibrator edge="S58_M" id="S58_M_car1_cv" pos="0" vTypes="car1_cv">
		<flow begin="14400" end="19800" type="car1_cv_seg4"/>
	</calibrator>
	<calibrator edge="S59_M" id="S59_M_car1_cv" pos="0" vTypes="car1_cv">
		<flow begin="14400" end="19800" type="car1_cv_seg4"/>
	</calibrator>
	<calibrator edge="S60_M" id="S60_M_car1_cv" pos="0" vTypes="car1_cv">
		<flow begin="14400" end="19800" type="car1_cv_seg4"/>
	</calibrator>
	<calibrator edge="S61_M" id="S61_M_car1_cv" pos="0" vTypes="car1_cv">
		<flow begin="14400" end="19800" type="car1_cv_seg4"/>
	</calibrator>
	<calibrator edge="S62_M" id="S62_M_car1_cv" pos="0" vTypes="car1_cv">
		<flow begin="14400" end="19800" type="car1_cv_seg4"/>
	</calibrator>
	<calibrator edge="S63_M" id="S63_M_car1_cv" pos="0" vTypes="car1_cv">
		<flow begin="14400" end="19800" type="car1_cv_seg4"/>
	</calibrator>
	<calibrator edge="S64_M" id="S64_M_car1_cv" pos="0" vTypes="car1_cv">
		<flow begin="14400" end="19800" type="car1_cv_seg4"/>
	</calibrator>
	<calibrator edge="S65_M" id="S65_M_car1_cv" pos="0" vTypes="car1_cv">
		<flow begin="14400" end="19800" type="car1_cv_seg4"/>
	</calibrator>
	<calibrator edge="S66_M" id="S66_M_car1_cv" pos="0" vTypes="car1_cv">
		<flow begin="14400" end="19800" type="car1_cv_seg4"/>
	</calibrator>
	<calibrator edge="S67_M" id="S67_M_car1_cv" pos="0" vTypes="car1_cv">
		<flow begin="14400" end="19800" type="car1_cv_seg4"/>
	</calibrator>
	<calibrator edge="S68_M" id="S68_M_car1_cv" pos="0" vTypes="car1_cv">
		<flow begin="14400" end="19800" type="car1_cv_seg4"/>
	</calibrator>
	<calibrator edge="S69_M" id="S69_M_car1_cv" pos="0" vTypes="car1_cv">
		<flow begin="14400" end="19800" type="car1_cv_seg4"/>
	</calibrator>
	<calibrator edge="S70_M" id="S70_M_car1_cv" pos="0" vTypes="car1_cv">
		<flow begin="14400" end="19800" type="car1_cv_seg4"/>
	</calibrator>
	<calibrator edge="S57_M" id="S57_M_car2_cv" pos="0" vTypes="car2_cv">
		<flow begin="14400" end="19800" type="car2_cv_seg4"/>
	</calibrator>
	<calibrator edge="S58_M" id="S58_M_car2_cv" pos="0" vTypes="car2_cv">
		<flow begin="14400" end="19800" type="car2_cv_seg4"/>
	</calibrator>
	<calibrator edge="S59_M" id="S59_M_car2_cv" pos="0" vTypes="car2_cv">
		<flow begin="14400" end="19800" type="car2_cv_seg4"/>
	</calibrator>
	<calibrator edge="S60_M" id="S60_M_car2_cv" pos="0" vTypes="car2_cv">
		<flow begin="14400" end="19800" type="car2_cv_seg4"/>
	</calibrator>
	<calibrator edge="S61_M" id="S61_M_car2_cv" pos="0" vTypes="car2_cv">
		<flow begin="14400" end="19800" type="car2_cv_seg4"/>
	</calibrator>
	<calibrator edge="S62_M" id="S62_M_car2_cv" pos="0" vTypes="car2_cv">
		<flow begin="14400" end="19800" type="car2_cv_seg4"/>
	</calibrator>
	<calibrator edge="S63_M" id="S63_M_car2_cv" pos="0" vTypes="car2_cv">
		<flow begin="14400" end="19800" type="car2_cv_seg4"/>
	</calibrator>
	<calibrator edge="S64_M" id="S64_M_car2_cv" pos="0" vTypes="car2_cv">
		<flow begin="14400" end="19800" type="car2_cv_seg4"/>
	</calibrator>
	<calibrator edge="S65_M" id="S65_M_car2_cv" pos="0" vTypes="car2_cv">
		<flow begin="14400" end="19800" type="car2_cv_seg4"/>
	</calibrator>
	<calibrator edge="S66_M" id="S66_M_car2_cv" pos="0" vTypes="car2_cv">
		<flow begin="14400" end="19800" type="car2_cv_seg4"/>
	</calibrator>
	<calibrator edge="S67_M" id="S67_M_car2_cv" pos="0" vTypes="car2_cv">
		<flow begin="14400" end="19800" type="car2_cv_seg4"/>
	</calibrator>
	<calibrator edge="S68_M" id="S68_M_car2_cv" pos="0" vTypes="car2_cv">
		<flow begin="14400" end="19800" type="car2_cv_seg4"/>
	</calibrator>
	<calibrator edge="S69_M" id="S69_M_car2_cv" pos="0" vTypes="car2_cv">
		<flow begin="14400" end="19800" type="car2_cv_seg4"/>
	</calibrator>
	<calibrator edge="S70_M" id="S70_M_car2_cv" pos="0" vTypes="car2_cv">
		<flow begin="14400" end="19800" type="car2_cv_seg4"/>
	</calibrator>
	<calibrator edge="S57_M" id="S57_M_car3_cv" pos="0" vTypes="car3_cv">
		<flow begin="14400" end="19800" type="car3_cv_seg4"/>
	</calibrator>
	<calibrator edge="S58_M" id="S58_M_car3_cv" pos="0" vTypes="car3_cv">
		<flow begin="14400" end="19800" type="car3_cv_seg4"/>
	</calibrator>
	<calibrator edge="S59_M" id="S59_M_car3_cv" pos="0" vTypes="car3_cv">
		<flow begin="14400" end="19800" type="car3_cv_seg4"/>
	</calibrator>
	<calibrator edge="S60_M" id="S60_M_car3_cv" pos="0" vTypes="car3_cv">
		<flow begin="14400" end="19800" type="car3_cv_seg4"/>
	</calibrator>
	<calibrator edge="S61_M" id="S61_M_car3_cv" pos="0" vTypes="car3_cv">
		<flow begin="14400" end="19800" type="car3_cv_seg4"/>
	</calibrator>
	<calibrator edge="S62_M" id="S62_M_car3_cv" pos="0" vTypes="car3_cv">
		<flow begin="14400" end="19800" type="car3_cv_seg4"/>
	</calibrator>
	<calibrator edge="S63_M" id="S63_M_car3_cv" pos="0" vTypes="car3_cv">
		<flow begin="14400" end="19800" type="car3_cv_seg4"/>
	</calibrator>
	<calibrator edge="S64_M" id="S64_M_car3_cv" pos="0" vTypes="car3_cv">
		<flow begin="14400" end="19800" type="car3_cv_seg4"/>
	</calibrator>
	<calibrator edge="S65_M" id="S65_M_car3_cv" pos="0" vTypes="car3_cv">
		<flow begin="14400" end="19800" type="car3_cv_seg4"/>
	</calibrator>
	<calibrator edge="S66_M" id="S66_M_car3_cv" pos="0" vTypes="car3_cv">
		<flow begin="14400" end="19800" type="car3_cv_seg4"/>
	</calibrator>
	<calibrator edge="S67_M" id="S67_M_car3_cv" pos="0" vTypes="car3_cv">
		<flow begin="14400" end="19800" type="car3_cv_seg4"/>
	</calibrator>
	<calibrator edge="S68_M" id="S68_M_car3_cv" pos="0" vTypes="car3_cv">
		<flow begin="14400" end="19800" type="car3_cv_seg4"/>
	</calibrator>
	<calibrator edge="S69_M" id="S69_M_car3_cv" pos="0" vTypes="car3_cv">
		<flow begin="14400" end="19800" type="car3_cv_seg4"/>
	</calibrator>
	<calibrator edge="S70_M" id="S70_M_car3_cv" pos="0" vTypes="car3_cv">
		<flow begin="14400" end="19800" type="car3_cv_seg4"/>
	</calibrator>
	<calibrator edge="S57_M" id="S57_M_hov1" pos="0" vTypes="hov1">
		<flow begin="14400" end="19800" type="hov1_seg4"/>
	</calibrator>
	<calibrator edge="S58_M" id="S58_M_hov1" pos="0" vTypes="hov1">
		<flow begin="14400" end="19800" type="hov1_seg4"/>
	</calibrator>
	<calibrator edge="S59_M" id="S59_M_hov1" pos="0" vTypes="hov1">
		<flow begin="14400" end="19800" type="hov1_seg4"/>
	</calibrator>
	<calibrator edge="S60_M" id="S60_M_hov1" pos="0" vTypes="hov1">
		<flow begin="14400" end="19800" type="hov1_seg4"/>
	</calibrator>
	<calibrator edge="S61_M" id="S61_M_hov1" pos="0" vTypes="hov1">
		<flow begin="14400" end="19800" type="hov1_seg4"/>
	</calibrator>
	<calibrator edge="S62_M" id="S62_M_hov1" pos="0" vTypes="hov1">
		<flow begin="14400" end="19800" type="hov1_seg4"/>
	</calibrator>
	<calibrator edge="S63_M" id="S63_M_hov1" pos="0" vTypes="hov1">
		<flow begin="14400" end="19800" type="hov1_seg4"/>
	</calibrator>
	<calibrator edge="S64_M" id="S64_M_hov1" pos="0" vTypes="hov1">
		<flow begin="14400" end="19800" type="hov1_seg4"/>
	</calibrator>
	<calibrator edge="S65_M" id="S65_M_hov1" pos="0" vTypes="hov1">
		<flow begin="14400" end="19800" type="hov1_seg4"/>
	</calibrator>
	<calibrator edge="S66_M" id="S66_M_hov1" pos="0" vTypes="hov1">
		<flow begin="14400" end="19800" type="hov1_seg4"/>
	</calibrator>
	<calibrator edge="S67_M" id="S67_M_hov1" pos="0" vTypes="hov1">
		<flow begin="14400" end="19800" type="hov1_seg4"/>
	</calibrator>
	<calibrator edge="S68_M" id="S68_M_hov1" pos="0" vTypes="hov1">
		<flow begin="14400" end="19800" type="hov1_seg4"/>
	</calibrator>
	<calibrator edge="S69_M" id="S69_M_hov1" pos="0" vTypes="hov1">
		<flow begin="14400" end="19800" type="hov1_seg4"/>
	</calibrator>
	<calibrator edge="S70_M" id="S70_M_hov1" pos="0" vTypes="hov1">
		<flow begin="14400" end="19800" type="hov1_seg4"/>
	</calibrator>
	<calibrator edge="S57_M" id="S57_M_hov2" pos="0" vTypes="hov2">
		<flow begin="14400" end="19800" type="hov2_seg4"/>
	</calibrator>
	<calibrator edge="S58_M" id="S58_M_hov2" pos="0" vTypes="hov2">
		<flow begin="14400" end="19800" type="hov2_seg4"/>
	</calibrator>
	<calibrator edge="S59_M" id="S59_M_hov2" pos="0" vTypes="hov2">
		<flow begin="14400" end="19800" type="hov2_seg4"/>
	</calibrator>
	<calibrator edge="S60_M" id="S60_M_hov2" pos="0" vTypes="hov2">
		<flow begin="14400" end="19800" type="hov2_seg4"/>
	</calibrator>
	<calibrator edge="S61_M" id="S61_M_hov2" pos="0" vTypes="hov2">
		<flow begin="14400" end="19800" type="hov2_seg4"/>
	</calibrator>
	<calibrator edge="S62_M" id="S62_M_hov2" pos="0" vTypes="hov2">
		<flow begin="14400" end="19800" type="hov2_seg4"/>
	</calibrator>
	<calibrator edge="S63_M" id="S63_M_hov2" pos="0" vTypes="hov2">
		<flow begin="14400" end="19800" type="hov2_seg4"/>
	</calibrator>
	<calibrator edge="S64_M" id="S64_M_hov2" pos="0" vTypes="hov2">
		<flow begin="14400" end="19800" type="hov2_seg4"/>
	</calibrator>
	<calibrator edge="S65_M" id="S65_M_hov2" pos="0" vTypes="hov2">
		<flow begin="14400" end="19800" type="hov2_seg4"/>
	</calibrator>
	<calibrator edge="S66_M" id="S66_M_hov2" pos="0" vTypes="hov2">
		<flow begin="14400" end="19800" type="hov2_seg4"/>
	</calibrator>
	<calibrator edge="S67_M" id="S67_M_hov2" pos="0" vTypes="hov2">
		<flow begin="14400" end="19800" type="hov2_seg4"/>
	</calibrator>
	<calibrator edge="S68_M" id="S68_M_hov2" pos="0" vTypes="hov2">
		<flow begin="14400" end="19800" type="hov2_seg4"/>
	</calibrator>
	<calibrator edge="S69_M" id="S69_M_hov2" pos="0" vTypes="hov2">
		<flow begin="14400" end="19800" type="hov2_seg4"/>
	</calibrator>
	<calibrator edge="S70_M" id="S70_M_hov2" pos="0" vTypes="hov2">
		<flow begin="14400" end="19800" type="hov2_seg4"/>
	</calibrator>
	<calibrator edge="S57_M" id="S57_M_hov3" pos="0" vTypes="hov3">
		<flow begin="14400" end="19800" type="hov3_seg4"/>
	</calibrator>
	<calibrator edge="S58_M" id="S58_M_hov3" pos="0" vTypes="hov3">
		<flow begin="14400" end="19800" type="hov3_seg4"/>
	</calibrator>
	<calibrator edge="S59_M" id="S59_M_hov3" pos="0" vTypes="hov3">
		<flow begin="14400" end="19800" type="hov3_seg4"/>
	</calibrator>
	<calibrator edge="S60_M" id="S60_M_hov3" pos="0" vTypes="hov3">
		<flow begin="14400" end="19800" type="hov3_seg4"/>
	</calibrator>
	<calibrator edge="S61_M" id="S61_M_hov3" pos="0" vTypes="hov3">
		<flow begin="14400" end="19800" type="hov3_seg4"/>
	</calibrator>
	<calibrator edge="S62_M" id="S62_M_hov3" pos="0" vTypes="hov3">
		<flow begin="14400" end="19800" type="hov3_seg4"/>
	</calibrator>
	<calibrator edge="S63_M" id="S63_M_hov3" pos="0" vTypes="hov3">
		<flow begin="14400" end="19800" type="hov3_seg4"/>
	</calibrator>
	<calibrator edge="S64_M" id="S64_M_hov3" pos="0" vTypes="hov3">
		<flow begin="14400" end="19800" type="hov3_seg4"/>
	</calibrator>
	<calibrator edge="S65_M" id="S65_M_hov3" pos="0" vTypes="hov3">
		<flow begin="14400" end="19800" type="hov3_seg4"/>
	</calibrator>
	<calibrator edge="S66_M" id="S66_M_hov3" pos="0" vTypes="hov3">
		<flow begin="14400" end="19800" type="hov3_seg4"/>
	</calibrator>
	<calibrator edge="S67_M" id="S67_M_hov3" pos="0" vTypes="hov3">
		<flow begin="14400" end="19800" type="hov3_seg4"/>
	</calibrator>
	<calibrator edge="S68_M" id="S68_M_hov3" pos="0" vTypes="hov3">
		<flow begin="14400" end="19800" type="hov3_seg4"/>
	</calibrator>
	<calibrator edge="S69_M" id="S69_M_hov3" pos="0" vTypes="hov3">
		<flow begin="14400" end="19800" type="hov3_seg4"/>
	</calibrator>
	<calibrator edge="S70_M" id="S70_M_hov3" pos="0" vTypes="hov3">
		<flow begin="14400" end="19800" type="hov3_seg4"/>
	</calibrator>
	<calibrator edge="S57_M" id="S57_M_hov1_cv" pos="0" vTypes="hov1_cv">
		<flow begin="14400" end="19800" type="hov1_cv_seg4"/>
	</calibrator>
	<calibrator edge="S58_M" id="S58_M_hov1_cv" pos="0" vTypes="hov1_cv">
		<flow begin="14400" end="19800" type="hov1_cv_seg4"/>
	</calibrator>
	<calibrator edge="S59_M" id="S59_M_hov1_cv" pos="0" vTypes="hov1_cv">
		<flow begin="14400" end="19800" type="hov1_cv_seg4"/>
	</calibrator>
	<calibrator edge="S60_M" id="S60_M_hov1_cv" pos="0" vTypes="hov1_cv">
		<flow begin="14400" end="19800" type="hov1_cv_seg4"/>
	</calibrator>
	<calibrator edge="S61_M" id="S61_M_hov1_cv" pos="0" vTypes="hov1_cv">
		<flow begin="14400" end="19800" type="hov1_cv_seg4"/>
	</calibrator>
	<calibrator edge="S62_M" id="S62_M_hov1_cv" pos="0" vTypes="hov1_cv">
		<flow begin="14400" end="19800" type="hov1_cv_seg4"/>
	</calibrator>
	<calibrator edge="S63_M" id="S63_M_hov1_cv" pos="0" vTypes="hov1_cv">
		<flow begin="14400" end="19800" type="hov1_cv_seg4"/>
	</calibrator>
	<calibrator edge="S64_M" id="S64_M_hov1_cv" pos="0" vTypes="hov1_cv">
		<flow begin="14400" end="19800" type="hov1_cv_seg4"/>
	</calibrator>
	<calibrator edge="S65_M" id="S65_M_hov1_cv" pos="0" vTypes="hov1_cv">
		<flow begin="14400" end="19800" type="hov1_cv_seg4"/>
	</calibrator>
	<calibrator edge="S66_M" id="S66_M_hov1_cv" pos="0" vTypes="hov1_cv">
		<flow begin="14400" end="19800" type="hov1_cv_seg4"/>
	</calibrator>
	<calibrator edge="S67_M" id="S67_M_hov1_cv" pos="0" vTypes="hov1_cv">
		<flow begin="14400" end="19800" type="hov1_cv_seg4"/>
	</calibrator>
	<calibrator edge="S68_M" id="S68_M_hov1_cv" pos="0" vTypes="hov1_cv">
		<flow begin="14400" end="19800" type="hov1_cv_seg4"/>
	</calibrator>
	<calibrator edge="S69_M" id="S69_M_hov1_cv" pos="0" vTypes="hov1_cv">
		<flow begin="14400" end="19800" type="hov1_cv_seg4"/>
	</calibrator>
	<calibrator edge="S70_M" id="S70_M_hov1_cv" pos="0" vTypes="hov1_cv">
		<flow begin="14400" end="19800" type="hov1_cv_seg4"/>
	</calibrator>
	<calibrator edge="S57_M" id="S57_M_hov2_cv" pos="0" vTypes="hov2_cv">
		<flow begin="14400" end="19800" type="hov2_cv_seg4"/>
	</calibrator>
	<calibrator edge="S58_M" id="S58_M_hov2_cv" pos="0" vTypes="hov2_cv">
		<flow begin="14400" end="19800" type="hov2_cv_seg4"/>
	</calibrator>
	<calibrator edge="S59_M" id="S59_M_hov2_cv" pos="0" vTypes="hov2_cv">
		<flow begin="14400" end="19800" type="hov2_cv_seg4"/>
	</calibrator>
	<calibrator edge="S60_M" id="S60_M_hov2_cv" pos="0" vTypes="hov2_cv">
		<flow begin="14400" end="19800" type="hov2_cv_seg4"/>
	</calibrator>
	<calibrator edge="S61_M" id="S61_M_hov2_cv" pos="0" vTypes="hov2_cv">
		<flow begin="14400" end="19800" type="hov2_cv_seg4"/>
	</calibrator>
	<calibrator edge="S62_M" id="S62_M_hov2_cv" pos="0" vTypes="hov2_cv">
		<flow begin="14400" end="19800" type="hov2_cv_seg4"/>
	</calibrator>
	<calibrator edge="S63_M" id="S63_M_hov2_cv" pos="0" vTypes="hov2_cv">
		<flow begin="14400" end="19800" type="hov2_cv_seg4"/>
	</calibrator>
	<calibrator edge="S64_M" id="S64_M_hov2_cv" pos="0" vTypes="hov2_cv">
		<flow begin="14400" end="19800" type="hov2_cv_seg4"/>
	</calibrator>
	<calibrator edge="S65_M" id="S65_M_hov2_cv" pos="0" vTypes="hov2_cv">
		<flow begin="14400" end="19800" type="hov2_cv_seg4"/>
	</calibrator>
	<calibrator edge="S66_M" id="S66_M_hov2_cv" pos="0" vTypes="hov2_cv">
		<flow begin="14400" end="19800" type="hov2_cv_seg4"/>
	</calibrator>
	<calibrator edge="S67_M" id="S67_M_hov2_cv" pos="0" vTypes="hov2_cv">
		<flow begin="14400" end="19800" type="hov2_cv_seg4"/>
	</calibrator>
	<calibrator edge="S68_M" id="S68_M_hov2_cv" pos="0" vTypes="hov2_cv">
		<flow begin="14400" end="19800" type="hov2_cv_seg4"/>
	</calibrator>
	<calibrator edge="S69_M" id="S69_M_hov2_cv" pos="0" vTypes="hov2_cv">
		<flow begin="14400" end="19800" type="hov2_cv_seg4"/>
	</calibrator>
	<calibrator edge="S70_M" id="S70_M_hov2_cv" pos="0" vTypes="hov2_cv">
		<flow begin="14400" end="19800" type="hov2_cv_seg4"/>
	</calibrator>
	<calibrator edge="S57_M" id="S57_M_hov3_cv" pos="0" vTypes="hov3_cv">
		<flow begin="14400" end="19800" type="hov3_cv_seg4"/>
	</calibrator>
	<calibrator edge="S58_M" id="S58_M_hov3_cv" pos="0" vTypes="hov3_cv">
		<flow begin="14400" end="19800" type="hov3_cv_seg4"/>
	</calibrator>
	<calibrator edge="S59_M" id="S59_M_hov3_cv" pos="0" vTypes="hov3_cv">
		<flow begin="14400" end="19800" type="hov3_cv_seg4"/>
	</calibrator>
	<calibrator edge="S60_M" id="S60_M_hov3_cv" pos="0" vTypes="hov3_cv">
		<flow begin="14400" end="19800" type="hov3_cv_seg4"/>
	</calibrator>
	<calibrator edge="S61_M" id="S61_M_hov3_cv" pos="0" vTypes="hov3_cv">
		<flow begin="14400" end="19800" type="hov3_cv_seg4"/>
	</calibrator>
	<calibrator edge="S62_M" id="S62_M_hov3_cv" pos="0" vTypes="hov3_cv">
		<flow begin="14400" end="19800" type="hov3_cv_seg4"/>
	</calibrator>
	<calibrator edge="S63_M" id="S63_M_hov3_cv" pos="0" vTypes="hov3_cv">
		<flow begin="14400" end="19800" type="hov3_cv_seg4"/>
	</calibrator>
	<calibrator edge="S64_M" id="S64_M_hov3_cv" pos="0" vTypes="hov3_cv">
		<flow begin="14400" end="19800" type="hov3_cv_seg4"/>
	</calibrator>
	<calibrator edge="S65_M" id="S65_M_hov3_cv" pos="0" vTypes="hov3_cv">
		<flow begin="14400" end="19800" type="hov3_cv_seg4"/>
	</calibrator>
	<calibrator edge="S66_M" id="S66_M_hov3_cv" pos="0" vTypes="hov3_cv">
		<flow begin="14400" end="19800" type="hov3_cv_seg4"/>
	</calibrator>
	<calibrator edge="S67_M" id="S67_M_hov3_cv" pos="0" vTypes="hov3_cv">
		<flow begin="14400" end="19800" type="hov3_cv_seg4"/>
	</calibrator>
	<calibrator edge="S68_M" id="S68_M_hov3_cv" pos="0" vTypes="hov3_cv">
		<flow begin="14400" end="19800" type="hov3_cv_seg4"/>
	</calibrator>
	<calibrator edge="S69_M" id="S69_M_hov3_cv" pos="0" vTypes="hov3_cv">
		<flow begin="14400" end="19800" type="hov3_cv_seg4"/>
	</calibrator>
	<calibrator edge="S70_M" id="S70_M_hov3_cv" pos="0" vTypes="hov3_cv">
		<flow begin="14400" end="19800" type="hov3_cv_seg4"/>
	</calibrator>
	<calibrator edge="S57_M" id="S57_M_lightTruck1" pos="0" vTypes="lightTruck1">
		<flow begin="14400" end="19800" type="lightTruck1_seg4"/>
	</calibrator>
	<calibrator edge="S58_M" id="S58_M_lightTruck1" pos="0" vTypes="lightTruck1">
		<flow begin="14400" end="19800" type="lightTruck1_seg4"/>
	</calibrator>
	<calibrator edge="S59_M" id="S59_M_lightTruck1" pos="0" vTypes="lightTruck1">
		<flow begin="14400" end="19800" type="lightTruck1_seg4"/>
	</calibrator>
	<calibrator edge="S60_M" id="S60_M_lightTruck1" pos="0" vTypes="lightTruck1">
		<flow begin="14400" end="19800" type="lightTruck1_seg4"/>
	</calibrator>
	<calibrator edge="S61_M" id="S61_M_lightTruck1" pos="0" vTypes="lightTruck1">
		<flow begin="14400" end="19800" type="lightTruck1_seg4"/>
	</calibrator>
	<calibrator edge="S62_M" id="S62_M_lightTruck1" pos="0" vTypes="lightTruck1">
		<flow begin="14400" end="19800" type="lightTruck1_seg4"/>
	</calibrator>
	<calibrator edge="S63_M" id="S63_M_lightTruck1" pos="0" vTypes="lightTruck1">
		<flow begin="14400" end="19800" type="lightTruck1_seg4"/>
	</calibrator>
	<calibrator edge="S64_M" id="S64_M_lightTruck1" pos="0" vTypes="lightTruck1">
		<flow begin="14400" end="19800" type="lightTruck1_seg4"/>
	</calibrator>
	<calibrator edge="S65_M" id="S65_M_lightTruck1" pos="0" vTypes="lightTruck1">
		<flow begin="14400" end="19800" type="lightTruck1_seg4"/>
	</calibrator>
	<calibrator edge="S66_M" id="S66_M_lightTruck1" pos="0" vTypes="lightTruck1">
		<flow begin="14400" end="19800" type="lightTruck1_seg4"/>
	</calibrator>
	<calibrator edge="S67_M" id="S67_M_lightTruck1" pos="0" vTypes="lightTruck1">
		<flow begin="14400" end="19800" type="lightTruck1_seg4"/>
	</calibrator>
	<calibrator edge="S68_M" id="S68_M_lightTruck1" pos="0" vTypes="lightTruck1">
		<flow begin="14400" end="19800" type="lightTruck1_seg4"/>
	</calibrator>
	<calibrator edge="S69_M" id="S69_M_lightTruck1" pos="0" vTypes="lightTruck1">
		<flow begin="14400" end="19800" type="lightTruck1_seg4"/>
	</calibrator>
	<calibrator edge="S70_M" id="S70_M_lightTruck1" pos="0" vTypes="lightTruck1">
		<flow begin="14400" end="19800" type="lightTruck1_seg4"/>
	</calibrator>
	<calibrator edge="S57_M" id="S57_M_lightTruck2" pos="0" vTypes="lightTruck2">
		<flow begin="14400" end="19800" type="lightTruck2_seg4"/>
	</calibrator>
	<calibrator edge="S58_M" id="S58_M_lightTruck2" pos="0" vTypes="lightTruck2">
		<flow begin="14400" end="19800" type="lightTruck2_seg4"/>
	</calibrator>
	<calibrator edge="S59_M" id="S59_M_lightTruck2" pos="0" vTypes="lightTruck2">
		<flow begin="14400" end="19800" type="lightTruck2_seg4"/>
	</calibrator>
	<calibrator edge="S60_M" id="S60_M_lightTruck2" pos="0" vTypes="lightTruck2">
		<flow begin="14400" end="19800" type="lightTruck2_seg4"/>
	</calibrator>
	<calibrator edge="S61_M" id="S61_M_lightTruck2" pos="0" vTypes="lightTruck2">
		<flow begin="14400" end="19800" type="lightTruck2_seg4"/>
	</calibrator>
	<calibrator edge="S62_M" id="S62_M_lightTruck2" pos="0" vTypes="lightTruck2">
		<flow begin="14400" end="19800" type="lightTruck2_seg4"/>
	</calibrator>
	<calibrator edge="S63_M" id="S63_M_lightTruck2" pos="0" vTypes="lightTruck2">
		<flow begin="14400" end="19800" type="lightTruck2_seg4"/>
	</calibrator>
	<calibrator edge="S64_M" id="S64_M_lightTruck2" pos="0" vTypes="lightTruck2">
		<flow begin="14400" end="19800" type="lightTruck2_seg4"/>
	</calibrator>
	<calibrator edge="S65_M" id="S65_M_lightTruck2" pos="0" vTypes="lightTruck2">
		<flow begin="14400" end="19800" type="lightTruck2_seg4"/>
	</calibrator>
	<calibrator edge="S66_M" id="S66_M_lightTruck2" pos="0" vTypes="lightTruck2">
		<flow begin="14400" end="19800" type="lightTruck2_seg4"/>
	</calibrator>
	<calibrator edge="S67_M" id="S67_M_lightTruck2" pos="0" vTypes="lightTruck2">
		<flow begin="14400" end="19800" type="lightTruck2_seg4"/>
	</calibrator>
	<calibrator edge="S68_M" id="S68_M_lightTruck2" pos="0" vTypes="lightTruck2">
		<flow begin="14400" end="19800" type="lightTruck2_seg4"/>
	</calibrator>
	<calibrator edge="S69_M" id="S69_M_lightTruck2" pos="0" vTypes="lightTruck2">
		<flow begin="14400" end="19800" type="lightTruck2_seg4"/>
	</calibrator>
	<calibrator edge="S70_M" id="S70_M_lightTruck2" pos="0" vTypes="lightTruck2">
		<flow begin="14400" end="19800" type="lightTruck2_seg4"/>
	</calibrator>
	<calibrator edge="S57_M" id="S57_M_lightTruck3" pos="0" vTypes="lightTruck3">
		<flow begin="14400" end="19800" type="lightTruck3_seg4"/>
	</calibrator>
	<calibrator edge="S58_M" id="S58_M_lightTruck3" pos="0" vTypes="lightTruck3">
		<flow begin="14400" end="19800" type="lightTruck3_seg4"/>
	</calibrator>
	<calibrator edge="S59_M" id="S59_M_lightTruck3" pos="0" vTypes="lightTruck3">
		<flow begin="14400" end="19800" type="lightTruck3_seg4"/>
	</calibrator>
	<calibrator edge="S60_M" id="S60_M_lightTruck3" pos="0" vTypes="lightTruck3">
		<flow begin="14400" end="19800" type="lightTruck3_seg4"/>
	</calibrator>
	<calibrator edge="S61_M" id="S61_M_lightTruck3" pos="0" vTypes="lightTruck3">
		<flow begin="14400" end="19800" type="lightTruck3_seg4"/>
	</calibrator>
	<calibrator edge="S62_M" id="S62_M_lightTruck3" pos="0" vTypes="lightTruck3">
		<flow begin="14400" end="19800" type="lightTruck3_seg4"/>
	</calibrator>
	<calibrator edge="S63_M" id="S63_M_lightTruck3" pos="0" vTypes="lightTruck3">
		<flow begin="14400" end="19800" type="lightTruck3_seg4"/>
	</calibrator>
	<calibrator edge="S64_M" id="S64_M_lightTruck3" pos="0" vTypes="lightTruck3">
		<flow begin="14400" end="19800" type="lightTruck3_seg4"/>
	</calibrator>
	<calibrator edge="S65_M" id="S65_M_lightTruck3" pos="0" vTypes="lightTruck3">
		<flow begin="14400" end="19800" type="lightTruck3_seg4"/>
	</calibrator>
	<calibrator edge="S66_M" id="S66_M_lightTruck3" pos="0" vTypes="lightTruck3">
		<flow begin="14400" end="19800" type="lightTruck3_seg4"/>
	</calibrator>
	<calibrator edge="S67_M" id="S67_M_lightTruck3" pos="0" vTypes="lightTruck3">
		<flow begin="14400" end="19800" type="lightTruck3_seg4"/>
	</calibrator>
	<calibrator edge="S68_M" id="S68_M_lightTruck3" pos="0" vTypes="lightTruck3">
		<flow begin="14400" end="19800" type="lightTruck3_seg4"/>
	</calibrator>
	<calibrator edge="S69_M" id="S69_M_lightTruck3" pos="0" vTypes="lightTruck3">
		<flow begin="14400" end="19800" type="lightTruck3_seg4"/>
	</calibrator>
	<calibrator edge="S70_M" id="S70_M_lightTruck3" pos="0" vTypes="lightTruck3">
		<flow begin="14400" end="19800" type="lightTruck3_seg4"/>
	</calibrator>
	<calibrator edge="S57_M" id="S57_M_lightTruck1_cv" pos="0" vTypes="lightTruck1_cv">
		<flow begin="14400" end="19800" type="lightTruck1_cv_seg4"/>
	</calibrator>
	<calibrator edge="S58_M" id="S58_M_lightTruck1_cv" pos="0" vTypes="lightTruck1_cv">
		<flow begin="14400" end="19800" type="lightTruck1_cv_seg4"/>
	</calibrator>
	<calibrator edge="S59_M" id="S59_M_lightTruck1_cv" pos="0" vTypes="lightTruck1_cv">
		<flow begin="14400" end="19800" type="lightTruck1_cv_seg4"/>
	</calibrator>
	<calibrator edge="S60_M" id="S60_M_lightTruck1_cv" pos="0" vTypes="lightTruck1_cv">
		<flow begin="14400" end="19800" type="lightTruck1_cv_seg4"/>
	</calibrator>
	<calibrator edge="S61_M" id="S61_M_lightTruck1_cv" pos="0" vTypes="lightTruck1_cv">
		<flow begin="14400" end="19800" type="lightTruck1_cv_seg4"/>
	</calibrator>
	<calibrator edge="S62_M" id="S62_M_lightTruck1_cv" pos="0" vTypes="lightTruck1_cv">
		<flow begin="14400" end="19800" type="lightTruck1_cv_seg4"/>
	</calibrator>
	<calibrator edge="S63_M" id="S63_M_lightTruck1_cv" pos="0" vTypes="lightTruck1_cv">
		<flow begin="14400" end="19800" type="lightTruck1_cv_seg4"/>
	</calibrator>
	<calibrator edge="S64_M" id="S64_M_lightTruck1_cv" pos="0" vTypes="lightTruck1_cv">
		<flow begin="14400" end="19800" type="lightTruck1_cv_seg4"/>
	</calibrator>
	<calibrator edge="S65_M" id="S65_M_lightTruck1_cv" pos="0" vTypes="lightTruck1_cv">
		<flow begin="14400" end="19800" type="lightTruck1_cv_seg4"/>
	</calibrator>
	<calibrator edge="S66_M" id="S66_M_lightTruck1_cv" pos="0" vTypes="lightTruck1_cv">
		<flow begin="14400" end="19800" type="lightTruck1_cv_seg4"/>
	</calibrator>
	<calibrator edge="S67_M" id="S67_M_lightTruck1_cv" pos="0" vTypes="lightTruck1_cv">
		<flow begin="14400" end="19800" type="lightTruck1_cv_seg4"/>
	</calibrator>
	<calibrator edge="S68_M" id="S68_M_lightTruck1_cv" pos="0" vTypes="lightTruck1_cv">
		<flow begin="14400" end="19800" type="lightTruck1_cv_seg4"/>
	</calibrator>
	<calibrator edge="S69_M" id="S69_M_lightTruck1_cv" pos="0" vTypes="lightTruck1_cv">
		<flow begin="14400" end="19800" type="lightTruck1_cv_seg4"/>
	</calibrator>
	<calibrator edge="S70_M" id="S70_M_lightTruck1_cv" pos="0" vTypes="lightTruck1_cv">
		<flow begin="14400" end="19800" type="lightTruck1_cv_seg4"/>
	</calibrator>
	<calibrator edge="S57_M" id="S57_M_lightTruck2_cv" pos="0" vTypes="lightTruck2_cv">
		<flow begin="14400" end="19800" type="lightTruck2_cv_seg4"/>
	</calibrator>
	<calibrator edge="S58_M" id="S58_M_lightTruck2_cv" pos="0" vTypes="lightTruck2_cv">
		<flow begin="14400" end="19800" type="lightTruck2_cv_seg4"/>
	</calibrator>
	<calibrator edge="S59_M" id="S59_M_lightTruck2_cv" pos="0" vTypes="lightTruck2_cv">
		<flow begin="14400" end="19800" type="lightTruck2_cv_seg4"/>
	</calibrator>
	<calibrator edge="S60_M" id="S60_M_lightTruck2_cv" pos="0" vTypes="lightTruck2_cv">
		<flow begin="14400" end="19800" type="lightTruck2_cv_seg4"/>
	</calibrator>
	<calibrator edge="S61_M" id="S61_M_lightTruck2_cv" pos="0" vTypes="lightTruck2_cv">
		<flow begin="14400" end="19800" type="lightTruck2_cv_seg4"/>
	</calibrator>
	<calibrator edge="S62_M" id="S62_M_lightTruck2_cv" pos="0" vTypes="lightTruck2_cv">
		<flow begin="14400" end="19800" type="lightTruck2_cv_seg4"/>
	</calibrator>
	<calibrator edge="S63_M" id="S63_M_lightTruck2_cv" pos="0" vTypes="lightTruck2_cv">
		<flow begin="14400" end="19800" type="lightTruck2_cv_seg4"/>
	</calibrator>
	<calibrator edge="S64_M" id="S64_M_lightTruck2_cv" pos="0" vTypes="lightTruck2_cv">
		<flow begin="14400" end="19800" type="lightTruck2_cv_seg4"/>
	</calibrator>
	<calibrator edge="S65_M" id="S65_M_lightTruck2_cv" pos="0" vTypes="lightTruck2_cv">
		<flow begin="14400" end="19800" type="lightTruck2_cv_seg4"/>
	</calibrator>
	<calibrator edge="S66_M" id="S66_M_lightTruck2_cv" pos="0" vTypes="lightTruck2_cv">
		<flow begin="14400" end="19800" type="lightTruck2_cv_seg4"/>
	</calibrator>
	<calibrator edge="S67_M" id="S67_M_lightTruck2_cv" pos="0" vTypes="lightTruck2_cv">
		<flow begin="14400" end="19800" type="lightTruck2_cv_seg4"/>
	</calibrator>
	<calibrator edge="S68_M" id="S68_M_lightTruck2_cv" pos="0" vTypes="lightTruck2_cv">
		<flow begin="14400" end="19800" type="lightTruck2_cv_seg4"/>
	</calibrator>
	<calibrator edge="S69_M" id="S69_M_lightTruck2_cv" pos="0" vTypes="lightTruck2_cv">
		<flow begin="14400" end="19800" type="lightTruck2_cv_seg4"/>
	</calibrator>
	<calibrator edge="S70_M" id="S70_M_lightTruck2_cv" pos="0" vTypes="lightTruck2_cv">
		<flow begin="14400" end="19800" type="lightTruck2_cv_seg4"/>
	</calibrator>
	<calibrator edge="S57_M" id="S57_M_lightTruck3_cv" pos="0" vTypes="lightTruck3_cv">
		<flow begin="14400" end="19800" type="lightTruck3_cv_seg4"/>
	</calibrator>
	<calibrator edge="S58_M" id="S58_M_lightTruck3_cv" pos="0" vTypes="lightTruck3_cv">
		<flow begin="14400" end="19800" type="lightTruck3_cv_seg4"/>
	</calibrator>
	<calibrator edge="S59_M" id="S59_M_lightTruck3_cv" pos="0" vTypes="lightTruck3_cv">
		<flow begin="14400" end="19800" type="lightTruck3_cv_seg4"/>
	</calibrator>
	<calibrator edge="S60_M" id="S60_M_lightTruck3_cv" pos="0" vTypes="lightTruck3_cv">
		<flow begin="14400" end="19800" type="lightTruck3_cv_seg4"/>
	</calibrator>
	<calibrator edge="S61_M" id="S61_M_lightTruck3_cv" pos="0" vTypes="lightTruck3_cv">
		<flow begin="14400" end="19800" type="lightTruck3_cv_seg4"/>
	</calibrator>
	<calibrator edge="S62_M" id="S62_M_lightTruck3_cv" pos="0" vTypes="lightTruck3_cv">
		<flow begin="14400" end="19800" type="lightTruck3_cv_seg4"/>
	</calibrator>
	<calibrator edge="S63_M" id="S63_M_lightTruck3_cv" pos="0" vTypes="lightTruck3_cv">
		<flow begin="14400" end="19800" type="lightTruck3_cv_seg4"/>
	</calibrator>
	<calibrator edge="S64_M" id="S64_M_lightTruck3_cv" pos="0" vTypes="lightTruck3_cv">
		<flow begin="14400" end="19800" type="lightTruck3_cv_seg4"/>
	</calibrator>
	<calibrator edge="S65_M" id="S65_M_lightTruck3_cv" pos="0" vTypes="lightTruck3_cv">
		<flow begin="14400" end="19800" type="lightTruck3_cv_seg4"/>
	</calibrator>
	<calibrator edge="S66_M" id="S66_M_lightTruck3_cv" pos="0" vTypes="lightTruck3_cv">
		<flow begin="14400" end="19800" type="lightTruck3_cv_seg4"/>
	</calibrator>
	<calibrator edge="S67_M" id="S67_M_lightTruck3_cv" pos="0" vTypes="lightTruck3_cv">
		<flow begin="14400" end="19800" type="lightTruck3_cv_seg4"/>
	</calibrator>
	<calibrator edge="S68_M" id="S68_M_lightTruck3_cv" pos="0" vTypes="lightTruck3_cv">
		<flow begin="14400" end="19800" type="lightTruck3_cv_seg4"/>
	</calibrator>
	<calibrator edge="S69_M" id="S69_M_lightTruck3_cv" pos="0" vTypes="lightTruck3_cv">
		<flow begin="14400" end="19800" type="lightTruck3_cv_seg4"/>
	</calibrator>
	<calibrator edge="S70_M" id="S70_M_lightTruck3_cv" pos="0" vTypes="lightTruck3_cv">
		<flow begin="14400" end="19800" type="lightTruck3_cv_seg4"/>
	</calibrator>
	<calibrator edge="S57_M" id="S57_M_heavyTruck1" pos="0" vTypes="heavyTruck1">
		<flow begin="14400" end="19800" type="heavyTruck1_seg4"/>
	</calibrator>
	<calibrator edge="S58_M" id="S58_M_heavyTruck1" pos="0" vTypes="heavyTruck1">
		<flow begin="14400" end="19800" type="heavyTruck1_seg4"/>
	</calibrator>
	<calibrator edge="S59_M" id="S59_M_heavyTruck1" pos="0" vTypes="heavyTruck1">
		<flow begin="14400" end="19800" type="heavyTruck1_seg4"/>
	</calibrator>
	<calibrator edge="S60_M" id="S60_M_heavyTruck1" pos="0" vTypes="heavyTruck1">
		<flow begin="14400" end="19800" type="heavyTruck1_seg4"/>
	</calibrator>
	<calibrator edge="S61_M" id="S61_M_heavyTruck1" pos="0" vTypes="heavyTruck1">
		<flow begin="14400" end="19800" type="heavyTruck1_seg4"/>
	</calibrator>
	<calibrator edge="S62_M" id="S62_M_heavyTruck1" pos="0" vTypes="heavyTruck1">
		<flow begin="14400" end="19800" type="heavyTruck1_seg4"/>
	</calibrator>
	<calibrator edge="S63_M" id="S63_M_heavyTruck1" pos="0" vTypes="heavyTruck1">
		<flow begin="14400" end="19800" type="heavyTruck1_seg4"/>
	</calibrator>
	<calibrator edge="S64_M" id="S64_M_heavyTruck1" pos="0" vTypes="heavyTruck1">
		<flow begin="14400" end="19800" type="heavyTruck1_seg4"/>
	</calibrator>
	<calibrator edge="S65_M" id="S65_M_heavyTruck1" pos="0" vTypes="heavyTruck1">
		<flow begin="14400" end="19800" type="heavyTruck1_seg4"/>
	</calibrator>
	<calibrator edge="S66_M" id="S66_M_heavyTruck1" pos="0" vTypes="heavyTruck1">
		<flow begin="14400" end="19800" type="heavyTruck1_seg4"/>
	</calibrator>
	<calibrator edge="S67_M" id="S67_M_heavyTruck1" pos="0" vTypes="heavyTruck1">
		<flow begin="14400" end="19800" type="heavyTruck1_seg4"/>
	</calibrator>
	<calibrator edge="S68_M" id="S68_M_heavyTruck1" pos="0" vTypes="heavyTruck1">
		<flow begin="14400" end="19800" type="heavyTruck1_seg4"/>
	</calibrator>
	<calibrator edge="S69_M" id="S69_M_heavyTruck1" pos="0" vTypes="heavyTruck1">
		<flow begin="14400" end="19800" type="heavyTruck1_seg4"/>
	</calibrator>
	<calibrator edge="S70_M" id="S70_M_heavyTruck1" pos="0" vTypes="heavyTruck1">
		<flow begin="14400" end="19800" type="heavyTruck1_seg4"/>
	</calibrator>
	<calibrator edge="S57_M" id="S57_M_heavyTruck2" pos="0" vTypes="heavyTruck2">
		<flow begin="14400" end="19800" type="heavyTruck2_seg4"/>
	</calibrator>
	<calibrator edge="S58_M" id="S58_M_heavyTruck2" pos="0" vTypes="heavyTruck2">
		<flow begin="14400" end="19800" type="heavyTruck2_seg4"/>
	</calibrator>
	<calibrator edge="S59_M" id="S59_M_heavyTruck2" pos="0" vTypes="heavyTruck2">
		<flow begin="14400" end="19800" type="heavyTruck2_seg4"/>
	</calibrator>
	<calibrator edge="S60_M" id="S60_M_heavyTruck2" pos="0" vTypes="heavyTruck2">
		<flow begin="14400" end="19800" type="heavyTruck2_seg4"/>
	</calibrator>
	<calibrator edge="S61_M" id="S61_M_heavyTruck2" pos="0" vTypes="heavyTruck2">
		<flow begin="14400" end="19800" type="heavyTruck2_seg4"/>
	</calibrator>
	<calibrator edge="S62_M" id="S62_M_heavyTruck2" pos="0" vTypes="heavyTruck2">
		<flow begin="14400" end="19800" type="heavyTruck2_seg4"/>
	</calibrator>
	<calibrator edge="S63_M" id="S63_M_heavyTruck2" pos="0" vTypes="heavyTruck2">
		<flow begin="14400" end="19800" type="heavyTruck2_seg4"/>
	</calibrator>
	<calibrator edge="S64_M" id="S64_M_heavyTruck2" pos="0" vTypes="heavyTruck2">
		<flow begin="14400" end="19800" type="heavyTruck2_seg4"/>
	</calibrator>
	<calibrator edge="S65_M" id="S65_M_heavyTruck2" pos="0" vTypes="heavyTruck2">
		<flow begin="14400" end="19800" type="heavyTruck2_seg4"/>
	</calibrator>
	<calibrator edge="S66_M" id="S66_M_heavyTruck2" pos="0" vTypes="heavyTruck2">
		<flow begin="14400" end="19800" type="heavyTruck2_seg4"/>
	</calibrator>
	<calibrator edge="S67_M" id="S67_M_heavyTruck2" pos="0" vTypes="heavyTruck2">
		<flow begin="14400" end="19800" type="heavyTruck2_seg4"/>
	</calibrator>
	<calibrator edge="S68_M" id="S68_M_heavyTruck2" pos="0" vTypes="heavyTruck2">
		<flow begin="14400" end="19800" type="heavyTruck2_seg4"/>
	</calibrator>
	<calibrator edge="S69_M" id="S69_M_heavyTruck2" pos="0" vTypes="heavyTruck2">
		<flow begin="14400" end="19800" type="heavyTruck2_seg4"/>
	</calibrator>
	<calibrator edge="S70_M" id="S70_M_heavyTruck2" pos="0" vTypes="heavyTruck2">
		<flow begin="14400" end="19800" type="heavyTruck2_seg4"/>
	</calibrator>
	<calibrator edge="S57_M" id="S57_M_heavyTruck3" pos="0" vTypes="heavyTruck3">
		<flow begin="14400" end="19800" type="heavyTruck3_seg4"/>
	</calibrator>
	<calibrator edge="S58_M" id="S58_M_heavyTruck3" pos="0" vTypes="heavyTruck3">
		<flow begin="14400" end="19800" type="heavyTruck3_seg4"/>
	</calibrator>
	<calibrator edge="S59_M" id="S59_M_heavyTruck3" pos="0" vTypes="heavyTruck3">
		<flow begin="14400" end="19800" type="heavyTruck3_seg4"/>
	</calibrator>
	<calibrator edge="S60_M" id="S60_M_heavyTruck3" pos="0" vTypes="heavyTruck3">
		<flow begin="14400" end="19800" type="heavyTruck3_seg4"/>
	</calibrator>
	<calibrator edge="S61_M" id="S61_M_heavyTruck3" pos="0" vTypes="heavyTruck3">
		<flow begin="14400" end="19800" type="heavyTruck3_seg4"/>
	</calibrator>
	<calibrator edge="S62_M" id="S62_M_heavyTruck3" pos="0" vTypes="heavyTruck3">
		<flow begin="14400" end="19800" type="heavyTruck3_seg4"/>
	</calibrator>
	<calibrator edge="S63_M" id="S63_M_heavyTruck3" pos="0" vTypes="heavyTruck3">
		<flow begin="14400" end="19800" type="heavyTruck3_seg4"/>
	</calibrator>
	<calibrator edge="S64_M" id="S64_M_heavyTruck3" pos="0" vTypes="heavyTruck3">
		<flow begin="14400" end="19800" type="heavyTruck3_seg4"/>
	</calibrator>
	<calibrator edge="S65_M" id="S65_M_heavyTruck3" pos="0" vTypes="heavyTruck3">
		<flow begin="14400" end="19800" type="heavyTruck3_seg4"/>
	</calibrator>
	<calibrator edge="S66_M" id="S66_M_heavyTruck3" pos="0" vTypes="heavyTruck3">
		<flow begin="14400" end="19800" type="heavyTruck3_seg4"/>
	</calibrator>
	<calibrator edge="S67_M" id="S67_M_heavyTruck3" pos="0" vTypes="heavyTruck3">
		<flow begin="14400" end="19800" type="heavyTruck3_seg4"/>
	</calibrator>
	<calibrator edge="S68_M" id="S68_M_heavyTruck3" pos="0" vTypes="heavyTruck3">
		<flow begin="14400" end="19800" type="heavyTruck3_seg4"/>
	</calibrator>
	<calibrator edge="S69_M" id="S69_M_heavyTruck3" pos="0" vTypes="heavyTruck3">
		<flow begin="14400" end="19800" type="heavyTruck3_seg4"/>
	</calibrator>
	<calibrator edge="S70_M" id="S70_M_heavyTruck3" pos="0" vTypes="heavyTruck3">
		<flow begin="14400" end="19800" type="heavyTruck3_seg4"/>
	</calibrator>
	<calibrator edge="S57_M" id="S57_M_heavyTruck1_cv" pos="0" vTypes="heavyTruck1_cv">
		<flow begin="14400" end="19800" type="heavyTruck1_cv_seg4"/>
	</calibrator>
	<calibrator edge="S58_M" id="S58_M_heavyTruck1_cv" pos="0" vTypes="heavyTruck1_cv">
		<flow begin="14400" end="19800" type="heavyTruck1_cv_seg4"/>
	</calibrator>
	<calibrator edge="S59_M" id="S59_M_heavyTruck1_cv" pos="0" vTypes="heavyTruck1_cv">
		<flow begin="14400" end="19800" type="heavyTruck1_cv_seg4"/>
	</calibrator>
	<calibrator edge="S60_M" id="S60_M_heavyTruck1_cv" pos="0" vTypes="heavyTruck1_cv">
		<flow begin="14400" end="19800" type="heavyTruck1_cv_seg4"/>
	</calibrator>
	<calibrator edge="S61_M" id="S61_M_heavyTruck1_cv" pos="0" vTypes="heavyTruck1_cv">
		<flow begin="14400" end="19800" type="heavyTruck1_cv_seg4"/>
	</calibrator>
	<calibrator edge="S62_M" id="S62_M_heavyTruck1_cv" pos="0" vTypes="heavyTruck1_cv">
		<flow begin="14400" end="19800" type="heavyTruck1_cv_seg4"/>
	</calibrator>
	<calibrator edge="S63_M" id="S63_M_heavyTruck1_cv" pos="0" vTypes="heavyTruck1_cv">
		<flow begin="14400" end="19800" type="heavyTruck1_cv_seg4"/>
	</calibrator>
	<calibrator edge="S64_M" id="S64_M_heavyTruck1_cv" pos="0" vTypes="heavyTruck1_cv">
		<flow begin="14400" end="19800" type="heavyTruck1_cv_seg4"/>
	</calibrator>
	<calibrator edge="S65_M" id="S65_M_heavyTruck1_cv" pos="0" vTypes="heavyTruck1_cv">
		<flow begin="14400" end="19800" type="heavyTruck1_cv_seg4"/>
	</calibrator>
	<calibrator edge="S66_M" id="S66_M_heavyTruck1_cv" pos="0" vTypes="heavyTruck1_cv">
		<flow begin="14400" end="19800" type="heavyTruck1_cv_seg4"/>
	</calibrator>
	<calibrator edge="S67_M" id="S67_M_heavyTruck1_cv" pos="0" vTypes="heavyTruck1_cv">
		<flow begin="14400" end="19800" type="heavyTruck1_cv_seg4"/>
	</calibrator>
	<calibrator edge="S68_M" id="S68_M_heavyTruck1_cv" pos="0" vTypes="heavyTruck1_cv">
		<flow begin="14400" end="19800" type="heavyTruck1_cv_seg4"/>
	</calibrator>
	<calibrator edge="S69_M" id="S69_M_heavyTruck1_cv" pos="0" vTypes="heavyTruck1_cv">
		<flow begin="14400" end="19800" type="heavyTruck1_cv_seg4"/>
	</calibrator>
	<calibrator edge="S70_M" id="S70_M_heavyTruck1_cv" pos="0" vTypes="heavyTruck1_cv">
		<flow begin="14400" end="19800" type="heavyTruck1_cv_seg4"/>
	</calibrator>
	<calibrator edge="S57_M" id="S57_M_heavyTruck2_cv" pos="0" vTypes="heavyTruck2_cv">
		<flow begin="14400" end="19800" type="heavyTruck2_cv_seg4"/>
	</calibrator>
	<calibrator edge="S58_M" id="S58_M_heavyTruck2_cv" pos="0" vTypes="heavyTruck2_cv">
		<flow begin="14400" end="19800" type="heavyTruck2_cv_seg4"/>
	</calibrator>
	<calibrator edge="S59_M" id="S59_M_heavyTruck2_cv" pos="0" vTypes="heavyTruck2_cv">
		<flow begin="14400" end="19800" type="heavyTruck2_cv_seg4"/>
	</calibrator>
	<calibrator edge="S60_M" id="S60_M_heavyTruck2_cv" pos="0" vTypes="heavyTruck2_cv">
		<flow begin="14400" end="19800" type="heavyTruck2_cv_seg4"/>
	</calibrator>
	<calibrator edge="S61_M" id="S61_M_heavyTruck2_cv" pos="0" vTypes="heavyTruck2_cv">
		<flow begin="14400" end="19800" type="heavyTruck2_cv_seg4"/>
	</calibrator>
	<calibrator edge="S62_M" id="S62_M_heavyTruck2_cv" pos="0" vTypes="heavyTruck2_cv">
		<flow begin="14400" end="19800" type="heavyTruck2_cv_seg4"/>
	</calibrator>
	<calibrator edge="S63_M" id="S63_M_heavyTruck2_cv" pos="0" vTypes="heavyTruck2_cv">
		<flow begin="14400" end="19800" type="heavyTruck2_cv_seg4"/>
	</calibrator>
	<calibrator edge="S64_M" id="S64_M_heavyTruck2_cv" pos="0" vTypes="heavyTruck2_cv">
		<flow begin="14400" end="19800" type="heavyTruck2_cv_seg4"/>
	</calibrator>
	<calibrator edge="S65_M" id="S65_M_heavyTruck2_cv" pos="0" vTypes="heavyTruck2_cv">
		<flow begin="14400" end="19800" type="heavyTruck2_cv_seg4"/>
	</calibrator>
	<calibrator edge="S66_M" id="S66_M_heavyTruck2_cv" pos="0" vTypes="heavyTruck2_cv">
		<flow begin="14400" end="19800" type="heavyTruck2_cv_seg4"/>
	</calibrator>
	<calibrator edge="S67_M" id="S67_M_heavyTruck2_cv" pos="0" vTypes="heavyTruck2_cv">
		<flow begin="14400" end="19800" type="heavyTruck2_cv_seg4"/>
	</calibrator>
	<calibrator edge="S68_M" id="S68_M_heavyTruck2_cv" pos="0" vTypes="heavyTruck2_cv">
		<flow begin="14400" end="19800" type="heavyTruck2_cv_seg4"/>
	</calibrator>
	<calibrator edge="S69_M" id="S69_M_heavyTruck2_cv" pos="0" vTypes="heavyTruck2_cv">
		<flow begin="14400" end="19800" type="heavyTruck2_cv_seg4"/>
	</calibrator>
	<calibrator edge="S70_M" id="S70_M_heavyTruck2_cv" pos="0" vTypes="heavyTruck2_cv">
		<flow begin="14400" end="19800" type="heavyTruck2_cv_seg4"/>
	</calibrator>
	<calibrator edge="S57_M" id="S57_M_heavyTruck3_cv" pos="0" vTypes="heavyTruck3_cv">
		<flow begin="14400" end="19800" type="heavyTruck3_cv_seg4"/>
	</calibrator>
	<calibrator edge="S58_M" id="S58_M_heavyTruck3_cv" pos="0" vTypes="heavyTruck3_cv">
		<flow begin="14400" end="19800" type="heavyTruck3_cv_seg4"/>
	</calibrator>
	<calibrator edge="S59_M" id="S59_M_heavyTruck3_cv" pos="0" vTypes="heavyTruck3_cv">
		<flow begin="14400" end="19800" type="heavyTruck3_cv_seg4"/>
	</calibrator>
	<calibrator edge="S60_M" id="S60_M_heavyTruck3_cv" pos="0" vTypes="heavyTruck3_cv">
		<flow begin="14400" end="19800" type="heavyTruck3_cv_seg4"/>
	</calibrator>
	<calibrator edge="S61_M" id="S61_M_heavyTruck3_cv" pos="0" vTypes="heavyTruck3_cv">
		<flow begin="14400" end="19800" type="heavyTruck3_cv_seg4"/>
	</calibrator>
	<calibrator edge="S62_M" id="S62_M_heavyTruck3_cv" pos="0" vTypes="heavyTruck3_cv">
		<flow begin="14400" end="19800" type="heavyTruck3_cv_seg4"/>
	</calibrator>
	<calibrator edge="S63_M" id="S63_M_heavyTruck3_cv" pos="0" vTypes="heavyTruck3_cv">
		<flow begin="14400" end="19800" type="heavyTruck3_cv_seg4"/>
	</calibrator>
	<calibrator edge="S64_M" id="S64_M_heavyTruck3_cv" pos="0" vTypes="heavyTruck3_cv">
		<flow begin="14400" end="19800" type="heavyTruck3_cv_seg4"/>
	</calibrator>
	<calibrator edge="S65_M" id="S65_M_heavyTruck3_cv" pos="0" vTypes="heavyTruck3_cv">
		<flow begin="14400" end="19800" type="heavyTruck3_cv_seg4"/>
	</calibrator>
	<calibrator edge="S66_M" id="S66_M_heavyTruck3_cv" pos="0" vTypes="heavyTruck3_cv">
		<flow begin="14400" end="19800" type="heavyTruck3_cv_seg4"/>
	</calibrator>
	<calibrator edge="S67_M" id="S67_M_heavyTruck3_cv" pos="0" vTypes="heavyTruck3_cv">
		<flow begin="14400" end="19800" type="heavyTruck3_cv_seg4"/>
	</calibrator>
	<calibrator edge="S68_M" id="S68_M_heavyTruck3_cv" pos="0" vTypes="heavyTruck3_cv">
		<flow begin="14400" end="19800" type="heavyTruck3_cv_seg4"/>
	</calibrator>
	<calibrator edge="S69_M" id="S69_M_heavyTruck3_cv" pos="0" vTypes="heavyTruck3_cv">
		<flow begin="14400" end="19800" type="heavyTruck3_cv_seg4"/>
	</calibrator>
	<calibrator edge="S70_M" id="S70_M_heavyTruck3_cv" pos="0" vTypes="heavyTruck3_cv">
		<flow begin="14400" end="19800" type="heavyTruck3_cv_seg4"/>
	</calibrator>
</additional>
